2,1,-20.0,52.44554138183594,904
2,2,-20.0,9.776436805725098,1075
2,3,-20.0,9.768462896347046,1244
2,4,-20.0,10.315646171569824,1415
2,5,-20.0,52.19425630569458,2386
2,6,-20.0,34.40105390548706,3174
2,7,-20.0,33.99460244178772,3942
2,8,-20.0,34.44494986534119,4730
2,9,-20.0,36.612361431121826,5564
2,10,-20.0,39.92100667953491,6472
2,11,200.0,20.180301427841187,6909
2,12,-20.0,37.25960850715637,7763
2,13,-20.0,40.50698184967041,8672
2,14,-20.0,35.594841957092285,9479
2,15,-20.0,47.00453519821167,10544
2,16,-20.0,33.94798183441162,11311
2,17,-20.0,45.011500120162964,12334
2,18,200.0,14.207526445388794,12642
2,19,-20.0,43.91448616981506,13600
2,20,-20.0,55.52181959152222,14869
2,21,-20.0,40.141717195510864,15779
2,22,-20.0,35.40280365943909,16585
2,23,-20.0,49.298383951187134,17693
2,24,-20.0,34.53133201599121,18495
2,25,-20.0,35.500035762786865,19306
2,26,-20.0,33.82231879234314,20073
2,27,-20.0,48.047542333602905,21158
2,28,-20.0,46.96647310256958,22236
2,29,-20.0,41.89668416976929,23188
2,30,-20.0,35.81559944152832,23989
2,31,-20.0,33.63506579399109,24738
2,32,-20.0,34.38876247406006,25514
2,33,-20.0,40.223588705062866,26432
2,34,-20.0,38.57965803146362,27327
2,35,-20.0,38.111910820007324,28187
2,36,-20.0,37.312453508377075,29021
2,37,-20.0,47.268829345703125,30072
2,38,-20.0,33.79047393798828,30841
2,39,-20.0,32.20444083213806,31570
2,40,200.0,6.692864179611206,31713
2,41,-20.0,36.00772786140442,32536
2,42,-20.0,45.608949422836304,33551
2,43,-20.0,41.166709899902344,34464
2,44,-20.0,38.17892670631409,35317
2,45,200.0,9.413207530975342,35533
2,46,-20.0,48.533032178878784,36639
2,47,-20.0,37.27438259124756,37476
2,48,-20.0,47.4855260848999,38562
2,49,-20.0,41.31658101081848,39485
2,50,-20.0,38.88309574127197,40356
2,51,-20.0,40.54110288619995,41250
2,52,-20.0,36.73883771896362,42063
2,53,-20.0,47.296257972717285,43130
2,54,-20.0,34.66882872581482,43923
2,55,-20.0,39.466633558273315,44811
2,56,-20.0,40.5563428401947,45722
2,57,-20.0,50.53469729423523,46856
2,58,-20.0,36.26952314376831,47683
2,59,-20.0,34.86416578292847,48469
2,60,-20.0,33.90048694610596,49232
2,61,200.0,17.452137231826782,49610
2,62,-20.0,36.44842982292175,50424
2,63,-20.0,34.64629817008972,51205
2,64,-20.0,41.62482714653015,52110
2,65,-20.0,32.720367670059204,52836
2,66,-20.0,34.76353597640991,53602
2,67,-20.0,35.785850524902344,54391
2,68,-20.0,40.086058616638184,55275
2,69,-20.0,33.71687459945679,56021
2,70,-20.0,41.93309760093689,56944
2,71,-20.0,48.38525366783142,58018
2,72,200.0,11.67676305770874,58282
2,73,-20.0,40.16496539115906,59172
2,74,200.0,2.3560187816619873,59219
2,75,-20.0,37.09964942932129,60040
2,76,-20.0,51.162182092666626,61196
2,77,-20.0,47.05385422706604,62254
2,78,-20.0,45.62539982795715,63271
2,79,-20.0,40.60174489021301,64169
2,80,-20.0,36.60579800605774,64978
2,81,-20.0,35.074787616729736,65733
2,82,-20.0,35.23409080505371,66518
2,83,-20.0,39.35503363609314,67370
2,84,-20.0,34.9608588218689,68137
2,85,-20.0,35.46831226348877,68940
2,86,-20.0,35.711737394332886,69737
2,87,-20.0,42.03719353675842,70675
2,88,-20.0,35.5800838470459,71481
2,89,-20.0,40.978432178497314,72412
2,90,-20.0,37.81806683540344,73254
2,91,-20.0,38.14371681213379,74094
2,92,-20.0,35.819064140319824,74885
2,93,-20.0,41.99479627609253,75802
2,94,-20.0,41.8402316570282,76762
2,95,-20.0,35.60210061073303,77549
2,96,200.0,2.62087082862854,77599
2,97,-20.0,36.76718330383301,78425
2,98,-20.0,34.147257804870605,79207
2,99,-20.0,38.24467206001282,80078
2,100,-20.0,34.85774302482605,80866
2,101,-20.0,44.4377326965332,81865
2,102,-20.0,47.06390690803528,82928
2,103,-20.0,48.66650986671448,84002
2,104,200.0,2.5824155807495117,84044
2,105,-20.0,40.018319606781006,84939
2,106,-20.0,40.12268805503845,85845
2,107,-20.0,43.247154235839844,86826
2,108,-20.0,39.53857445716858,87715
2,109,-20.0,40.094205379486084,88645
2,110,-20.0,35.00156927108765,89435
2,111,-20.0,39.63634204864502,90326
2,112,-20.0,39.63432812690735,91206
2,113,-20.0,34.82900905609131,91976
2,114,-20.0,39.35106182098389,92869
2,115,-20.0,37.79637956619263,93714
2,116,-20.0,36.97926330566406,94539
2,117,-20.0,34.980815410614014,95329
2,118,-20.0,33.79180550575256,96066
2,119,-20.0,36.70645475387573,96873
2,120,-20.0,43.04927611351013,97823
2,121,-20.0,36.38115167617798,98636
2,122,-20.0,34.15012168884277,99406
2,123,-20.0,43.36468529701233,100371
2,124,-20.0,45.72045683860779,101407
2,125,-20.0,38.6512246131897,102274
2,126,-20.0,39.14255881309509,103147
2,127,-20.0,45.2417573928833,104161
2,128,-20.0,34.49897217750549,104929
2,129,-20.0,41.60055208206177,105855
2,130,-20.0,43.061691761016846,106803
2,131,-20.0,45.9268581867218,107833
2,132,-20.0,46.450053691864014,108891
2,133,-20.0,35.30064129829407,109695
2,134,-20.0,37.066210985183716,110532
2,135,-20.0,33.6546676158905,111281
2,136,-20.0,34.62420344352722,112070
2,137,-20.0,50.89400291442871,113207
2,138,-20.0,38.7522394657135,114070
2,139,-20.0,34.26523756980896,114850
2,140,-20.0,37.05427145957947,115679
2,141,200.0,5.571387529373169,115798
2,142,-20.0,34.654295206069946,116587
2,143,-20.0,42.767905950546265,117558
2,144,-20.0,36.30780005455017,118370
2,145,-20.0,38.015233278274536,119232
2,146,-20.0,36.56547451019287,120056
2,147,-20.0,36.08074498176575,120885
2,148,-20.0,37.637974977493286,121716
2,149,-20.0,43.513097286224365,122693
2,150,-20.0,39.53775072097778,123561
2,151,200.0,9.261196374893188,123771
2,152,-20.0,38.519065618515015,124639
2,153,-20.0,32.6100115776062,125371
2,154,-20.0,36.8013334274292,126184
2,155,-20.0,34.94834852218628,126944
2,156,-20.0,32.44580388069153,127658
2,157,-20.0,43.40855813026428,128637
2,158,-20.0,38.75620198249817,129482
2,159,-20.0,50.04192781448364,130577
2,160,-20.0,41.37044167518616,131506
2,161,-20.0,34.22958850860596,132259
2,162,-20.0,35.236560106277466,133036
2,163,-20.0,48.68749785423279,134125
2,164,-20.0,38.306490898132324,134971
2,165,-20.0,39.709813356399536,135854
2,166,-20.0,39.82672929763794,136756
2,167,-20.0,49.81799817085266,137882
2,168,-20.0,36.06712031364441,138667
2,169,-20.0,42.15870547294617,139575
2,170,-20.0,35.8443717956543,140365
2,171,-20.0,36.416568756103516,141186
2,172,-20.0,39.82980489730835,142057
2,173,-20.0,35.50493502616882,142835
2,174,-20.0,37.31291699409485,143659
2,175,-20.0,38.61928391456604,144515
2,176,-20.0,41.478328227996826,145414
2,177,-20.0,38.42112636566162,146271
2,178,-20.0,36.27671837806702,147089
2,179,-20.0,46.721935987472534,148114
2,180,-20.0,39.636579275131226,148993
2,181,-20.0,44.879523277282715,149976
2,182,-20.0,39.7945990562439,150860
2,183,-20.0,36.79853177070618,151690
2,184,-20.0,38.56565451622009,152531
2,185,-20.0,34.08374261856079,153290
2,186,-20.0,34.5512273311615,154080
2,187,200.0,4.308380126953125,154167
2,188,200.0,39.33640813827515,155049
2,189,-20.0,41.52897882461548,155989
2,190,-20.0,36.80362033843994,156769
2,191,-20.0,35.54519462585449,157552
2,192,-20.0,32.81993317604065,158294
2,193,-20.0,34.736621618270874,159049
2,194,-20.0,38.114898920059204,159914
2,195,-20.0,49.98545694351196,161012
2,196,-20.0,42.184555768966675,161935
2,197,-20.0,32.852455139160156,162685
2,198,-20.0,43.48538947105408,163664
2,199,-20.0,44.07831883430481,164647
2,200,-20.0,40.34777283668518,165551
2,201,-20.0,43.95963263511658,166543
2,202,-20.0,42.78472852706909,167484
2,203,-20.0,38.996535539627075,168360
2,204,-20.0,39.37922239303589,169224
2,205,-20.0,35.97629189491272,169988
2,206,-20.0,39.89555788040161,170840
2,207,-20.0,50.83806896209717,172008
2,208,-20.0,42.09912109375,172933
2,209,-20.0,34.82840943336487,173696
2,210,-20.0,42.128095388412476,174630
2,211,-20.0,36.81731033325195,175454
2,212,-20.0,43.09261655807495,176407
2,213,-20.0,35.94650936126709,177208
2,214,-20.0,40.39105200767517,178123
2,215,-20.0,44.54495406150818,179105
2,216,-20.0,36.507100343704224,179934
2,217,-20.0,35.82545566558838,180741
2,218,-20.0,43.36297416687012,181731
2,219,-20.0,43.33732771873474,182706
2,220,-20.0,40.07508301734924,183601
2,221,-20.0,38.164626121520996,184454
2,222,-20.0,38.62436652183533,185328
2,223,200.0,10.193896532058716,185548
2,224,-20.0,40.730812311172485,186472
2,225,-20.0,46.476364850997925,187516
2,226,-20.0,39.510051012039185,188388
2,227,-20.0,35.68072724342346,189184
2,228,-20.0,34.31423783302307,189949
2,229,-20.0,55.13392734527588,191133
2,230,-20.0,40.888550996780396,192038
2,231,-20.0,35.061317682266235,192814
2,232,200.0,2.271690607070923,192855
2,233,-20.0,38.55662822723389,193710
2,234,-20.0,33.5253005027771,194445
2,235,-20.0,46.2542245388031,195478
2,236,-20.0,34.21940350532532,196222
2,237,200.0,8.74446439743042,196401
2,238,-20.0,34.87061405181885,197186
2,239,-20.0,51.246886014938354,198308
2,240,-20.0,42.24569034576416,199213
2,241,-20.0,35.645817041397095,200006
2,242,200.0,11.984586238861084,200256
2,243,-20.0,34.97691512107849,201022
2,244,-20.0,35.90935707092285,201817
2,245,-20.0,38.69035887718201,202681
2,246,200.0,15.777995586395264,203016
2,247,-20.0,38.782734394073486,203866
2,248,-20.0,40.4605450630188,204728
2,249,-20.0,35.420297622680664,205526
2,250,-20.0,35.703155279159546,206305
2,251,-20.0,39.18719220161438,207196
2,252,-20.0,41.221362352371216,208138
2,253,-20.0,35.946964502334595,208936
2,254,-20.0,34.146058082580566,209675
2,255,-20.0,40.710862159729004,210560
2,256,-20.0,35.34280514717102,211334
2,257,-20.0,48.94876766204834,212399
2,258,-20.0,34.490681648254395,213164
2,259,-20.0,38.546504974365234,213998
2,260,-20.0,40.71737360954285,214910
2,261,-20.0,38.98591375350952,215788
2,262,-20.0,40.50562572479248,216673
2,263,200.0,7.907045125961304,216826
2,264,-20.0,37.51326251029968,217668
2,265,-20.0,36.725192070007324,218479
2,266,-20.0,36.894498348236084,219291
2,267,-20.0,32.68040108680725,220006
2,268,-20.0,40.693586111068726,220920
2,269,-20.0,35.911731004714966,221727
2,270,-20.0,36.045371532440186,222540
2,271,-20.0,43.77980995178223,223515
2,272,-20.0,41.91610264778137,224444
2,273,-20.0,37.99806547164917,225278
2,274,-20.0,43.16734194755554,226262
2,275,-20.0,35.23124814033508,227050
2,276,-20.0,53.96913814544678,228199
2,277,-20.0,32.884182929992676,228919
2,278,-20.0,34.196083068847656,229673
2,279,-20.0,33.002281665802,230406
2,280,-20.0,34.33909630775452,231170
2,281,200.0,3.528399705886841,231236
2,282,-20.0,43.66465997695923,232206
2,283,-20.0,37.22334861755371,233021
2,284,-20.0,40.6960186958313,233915
2,285,-20.0,54.588605642318726,235163
2,286,-20.0,36.2366578578949,235964
2,287,-20.0,34.601744174957275,236732
2,288,-20.0,40.78860092163086,237635
2,289,-20.0,36.50271439552307,238444
2,290,-20.0,39.86790585517883,239318
2,291,-20.0,35.81173491477966,240107
2,292,-20.0,39.741766929626465,240991
2,293,-20.0,44.89197564125061,242013
2,294,-20.0,42.20932865142822,242944
2,295,-20.0,37.35050654411316,243769
2,296,-20.0,33.57399821281433,244509
2,297,-20.0,37.782899618148804,245367
2,298,-20.0,44.47403621673584,246357
2,299,200.0,22.347792387008667,246832
2,300,-20.0,36.704169511795044,247653
2,301,-20.0,40.31273698806763,248534
2,302,200.0,30.947417497634888,249246
2,303,-20.0,39.87372016906738,250121
2,304,-20.0,50.196561098098755,251239
2,305,-20.0,38.3341326713562,252099
2,306,-20.0,33.35395550727844,252844
2,307,-20.0,37.69779992103577,253685
2,308,-20.0,41.698941469192505,254612
2,309,-20.0,51.51130294799805,255777
2,310,-20.0,38.395604372024536,256657
2,311,-20.0,56.9098174571991,257911
2,312,-20.0,33.05845308303833,258654
2,313,-20.0,46.01324534416199,259668
2,314,-20.0,38.146429777145386,260503
2,315,-20.0,36.51104259490967,261329
2,316,-20.0,38.757673263549805,262199
2,317,-20.0,40.15466046333313,263080
2,318,-20.0,42.097076416015625,263990
2,319,-20.0,41.30151152610779,264899
2,320,-20.0,36.47497582435608,265726
2,321,200.0,9.070914268493652,265917
2,322,-20.0,50.222615480422974,267016
2,323,-20.0,37.42588973045349,267843
2,324,-20.0,37.58106207847595,268666
2,325,-20.0,37.40747785568237,269494
2,326,-20.0,38.17305111885071,270327
2,327,-20.0,42.3939847946167,271239
2,328,-20.0,35.00975775718689,272021
2,329,-20.0,40.42288088798523,272882
2,330,-20.0,47.450172424316406,273947
2,331,-20.0,39.72126317024231,274832
2,332,-20.0,37.20386862754822,275640
2,333,-20.0,34.616299867630005,276407
2,334,-20.0,36.081547260284424,277219
2,335,-20.0,39.26348805427551,278079
2,336,-20.0,42.0134859085083,279033
2,337,-20.0,38.26057243347168,279885
2,338,-20.0,36.70746874809265,280704
2,339,-20.0,41.27223610877991,281628
2,340,-20.0,37.67585229873657,282468
2,341,-20.0,38.57926654815674,283348
2,342,-20.0,42.43616580963135,284270
2,343,-20.0,38.69337296485901,285134
2,344,-20.0,37.74826741218567,285952
2,345,-20.0,36.43801212310791,286749
2,346,-20.0,35.36069059371948,287546
2,347,-20.0,38.34075474739075,288391
2,348,200.0,3.853126049041748,288471
2,349,-20.0,45.352698802948,289503
2,350,-20.0,45.35429620742798,290510
2,351,-20.0,41.87998366355896,291407
2,352,-20.0,45.95730710029602,292416
2,353,-20.0,46.39100360870361,293426
2,354,-20.0,40.322057485580444,294320
2,355,-20.0,38.63391947746277,295174
2,356,-20.0,32.695191860198975,295918
2,357,-20.0,37.12847113609314,296724
2,358,-20.0,36.872206687927246,297527
2,359,-20.0,42.26506590843201,298460
2,360,-20.0,36.54580092430115,299270
2,361,-20.0,35.989365577697754,300056
2,362,-20.0,50.40094041824341,301157
2,363,-20.0,38.779839754104614,302010
2,364,-20.0,34.760258436203,302796
2,365,-20.0,50.98434662818909,303926
2,366,-20.0,37.34884166717529,304759
2,367,200.0,3.643369674682617,304824
2,368,-20.0,38.10262417793274,305674
2,369,-20.0,35.751062631607056,306460
2,370,-20.0,41.998743295669556,307396
2,371,-20.0,36.4110107421875,308229
2,372,-20.0,35.59233260154724,308992
2,373,-20.0,41.908467054367065,309913
2,374,-20.0,42.7119140625,310862
2,375,-20.0,38.06086874008179,311694
2,376,-20.0,44.30142641067505,312674
2,377,-20.0,36.99449396133423,313475
2,378,-20.0,34.55868744850159,314211
2,379,-20.0,44.086754322052,315192
2,380,200.0,2.622168779373169,315238
2,381,-20.0,40.78406238555908,316129
2,382,-20.0,32.683239459991455,316853
2,383,-20.0,36.122968912124634,317654
2,384,-20.0,42.13202142715454,318579
2,385,-20.0,35.243000984191895,319369
2,386,-20.0,45.75704646110535,320395
2,387,-20.0,35.84559631347656,321215
2,388,-20.0,46.77626323699951,322247
2,389,-20.0,40.66179323196411,323156
2,390,-20.0,44.08633852005005,324130
2,391,-20.0,38.93148875236511,325000
2,392,-20.0,43.209009885787964,325982
2,393,200.0,15.338558912277222,326321
2,394,-20.0,55.44860768318176,327565
2,395,-20.0,40.084312200546265,328461
2,396,-20.0,34.805405616760254,329221
2,397,-20.0,47.54792547225952,330290
2,398,-20.0,39.794840574264526,331162
2,399,-20.0,34.992939472198486,331933
2,400,-20.0,33.35059404373169,332691
2,401,-20.0,38.44552397727966,333537
2,402,-20.0,43.65494966506958,334493
2,403,-20.0,34.95745301246643,335239
2,404,-20.0,38.07026934623718,336081
2,405,-20.0,39.09315013885498,336940
2,406,-20.0,38.135276079177856,337792
2,407,-20.0,36.92520594596863,338609
2,408,-20.0,35.42458987236023,339386
2,409,-20.0,39.96346354484558,340279
2,410,-20.0,34.02936005592346,341044
2,411,-20.0,42.12372851371765,341980
2,412,-20.0,42.25372648239136,342909
2,413,-20.0,34.36152648925781,343655
2,414,-20.0,52.35159373283386,344797
2,415,-20.0,36.33024573326111,345599
2,416,-20.0,38.62761068344116,346465
2,417,-20.0,36.57259702682495,347278
2,418,-20.0,38.77113366127014,348112
2,419,-20.0,43.75592660903931,349078
2,420,-20.0,39.76257252693176,349972
2,421,-20.0,42.55844521522522,350895
2,422,-20.0,40.19993257522583,351803
2,423,-20.0,39.421408891677856,352684
2,424,-20.0,34.852538108825684,353457
2,425,200.0,9.071240663528442,353644
2,426,-20.0,45.99319124221802,354668
2,427,200.0,8.161662101745605,354831
2,428,-20.0,44.91989827156067,355827
2,429,-20.0,36.83745527267456,356631
2,430,-20.0,48.93522381782532,357717
2,431,-20.0,33.527220010757446,358473
2,432,-20.0,34.222991943359375,359250
2,433,-20.0,41.588343143463135,360130
2,434,-20.0,38.8408088684082,360994
2,435,-20.0,34.30119824409485,361763
2,436,-20.0,34.94069266319275,362518
2,437,-20.0,40.578163862228394,363413
2,438,-20.0,38.96448063850403,364283
2,439,-20.0,42.24603748321533,365238
2,440,-20.0,33.9324586391449,366018
2,441,-20.0,43.002954959869385,366984
2,442,-20.0,33.49916696548462,367738
2,443,-20.0,35.95573091506958,368521
2,444,-20.0,40.06352353096008,369410
2,445,-20.0,41.711589097976685,370344
2,446,-20.0,35.488316774368286,371139
2,447,-20.0,43.868886947631836,372100
2,448,-20.0,33.557661056518555,372837
2,449,-20.0,33.843849420547485,373577
2,450,-20.0,37.224103927612305,374362
2,451,-20.0,43.13920450210571,375311
2,452,-20.0,36.430028676986694,376114
2,453,-20.0,38.05747723579407,376952
2,454,-20.0,38.9577476978302,377806
2,455,-20.0,38.892082929611206,378667
2,456,-20.0,46.917651891708374,379727
2,457,-20.0,33.3012261390686,380463
2,458,-20.0,35.51529836654663,381246
2,459,-20.0,38.04748296737671,382098
2,460,-20.0,34.29220104217529,382844
2,461,-20.0,46.57520413398743,383878
2,462,-20.0,41.095831632614136,384797
2,463,-20.0,44.79563879966736,385755
2,464,-20.0,41.420098304748535,386663
2,465,-20.0,42.75479817390442,387620
2,466,-20.0,42.48149824142456,388535
2,467,-20.0,40.34217143058777,389445
2,468,200.0,4.613125801086426,389539
2,469,-20.0,43.795644760131836,390497
2,470,-20.0,38.73394060134888,391357
2,471,-20.0,39.27532601356506,392217
2,472,200.0,4.323454856872559,392306
2,473,-20.0,42.29409885406494,393228
2,474,-20.0,44.82919216156006,394228
2,475,-20.0,35.191226959228516,395031
2,476,-20.0,36.464940309524536,395839
2,477,-20.0,49.50401711463928,396944
2,478,-20.0,37.70019459724426,397764
2,479,-20.0,45.60796236991882,398769
2,480,-20.0,41.841654777526855,399697
2,481,-20.0,35.38860321044922,400491
2,482,-20.0,55.34571814537048,401663
2,483,-20.0,45.15002226829529,402648
2,484,-20.0,35.73144888877869,403444
2,485,-20.0,43.507428884506226,404401
2,486,-20.0,46.31979322433472,405434
2,487,-20.0,40.63926124572754,406341
2,488,-20.0,35.52048659324646,407125
2,489,200.0,2.376924514770508,407161
2,490,-20.0,40.679929971694946,408052
2,491,-20.0,42.438743352890015,408992
2,492,-20.0,42.48545432090759,409929
2,493,-20.0,37.02917146682739,410726
2,494,-20.0,38.52920389175415,411563
2,495,-20.0,38.45548605918884,412411
2,496,-20.0,37.69814848899841,413248
2,497,-20.0,50.42213582992554,414373
2,498,200.0,28.180600881576538,414995
2,499,-20.0,45.51584982872009,415987
2,500,-20.0,37.67260789871216,416807
2,501,-20.0,35.73164248466492,417612
2,502,-20.0,33.40506100654602,418342
2,503,-20.0,37.95281934738159,419194
2,504,-20.0,36.95281147956848,419994
2,505,-20.0,42.201355934143066,420924
2,506,-20.0,37.607935667037964,421755
2,507,-20.0,37.59178566932678,422593
2,508,-20.0,42.78800868988037,423536
2,509,-20.0,35.45405888557434,424326
2,510,200.0,2.2738020420074463,424369
2,511,-20.0,47.765047788619995,425381
2,512,-20.0,32.756669759750366,426094
2,513,-20.0,45.009432554244995,427091
2,514,200.0,2.5983946323394775,427131
2,515,200.0,3.1121814250946045,427188
2,516,-20.0,37.582549810409546,428010
2,517,-20.0,38.66404700279236,428851
2,518,-20.0,45.073368072509766,429829
2,519,-20.0,37.46980857849121,430667
2,520,-20.0,40.94890999794006,431575
2,521,-20.0,44.069697856903076,432530
2,522,-20.0,37.00847268104553,433348
2,523,-20.0,47.83070611953735,434408
2,524,-20.0,36.90946435928345,435226
2,525,-20.0,39.11706185340881,436079
2,526,-20.0,49.86283874511719,437191
2,527,-20.0,40.704378843307495,438099
2,528,-20.0,43.27804088592529,439047
2,529,200.0,10.064507961273193,439253
2,530,-20.0,46.055129289627075,440280
2,531,-20.0,38.48037099838257,441125
2,532,-20.0,49.546581506729126,442222
2,533,-20.0,35.343143701553345,442984
2,534,-20.0,34.55393075942993,443769
2,535,-20.0,36.55312395095825,444589
2,536,-20.0,44.03732109069824,445556
2,537,-20.0,53.99511694908142,446737
2,538,-20.0,35.31601285934448,447500
2,539,-20.0,45.641648292541504,448512
2,540,-20.0,56.877033710479736,449750
2,541,-20.0,44.86829686164856,450699
2,542,200.0,5.470994234085083,450811
2,543,-20.0,39.39697194099426,451677
2,544,-20.0,35.808330059051514,452479
2,545,200.0,25.96349596977234,453036
2,546,-20.0,33.37232232093811,453766
2,547,-20.0,36.468346118927,454528
2,548,-20.0,41.73491334915161,455469
2,549,-20.0,49.98450446128845,456579
2,550,-20.0,34.97575259208679,457350
2,551,-20.0,45.14213490486145,458335
2,552,-20.0,37.395262002944946,459161
2,553,-20.0,40.456562757492065,460060
2,554,-20.0,41.013059854507446,460952
2,555,-20.0,37.71609091758728,461791
2,556,200.0,12.531391620635986,462062
2,557,-20.0,34.19237685203552,462814
2,558,-20.0,34.49514675140381,463578
2,559,-20.0,49.15243124961853,464686
2,560,-20.0,38.01105618476868,465543
2,561,-20.0,39.53938293457031,466434
2,562,-20.0,39.22282886505127,467280
2,563,-20.0,42.59827756881714,468228
2,564,-20.0,45.24099612236023,469223
2,565,-20.0,44.421093702316284,470214
2,566,-20.0,38.79651212692261,471063
2,567,-20.0,41.78332257270813,472019
2,568,200.0,10.729236602783203,472259
2,569,-20.0,36.32042050361633,473064
2,570,200.0,6.6044604778289795,473196
2,571,-20.0,40.11470913887024,474095
2,572,-20.0,45.36743426322937,475093
2,573,-20.0,42.636547327041626,476060
2,574,-20.0,38.0142343044281,476913
2,575,-20.0,32.71072864532471,477634
2,576,-20.0,39.92658567428589,478513
2,577,-20.0,35.363951683044434,479327
2,578,-20.0,38.4199857711792,480170
2,579,-20.0,36.90148735046387,480988
2,580,-20.0,53.89607071876526,482142
2,581,-20.0,40.78351449966431,483055
2,582,-20.0,38.23647975921631,483878
2,583,-20.0,39.306214332580566,484745
2,584,-20.0,42.69041085243225,485698
2,585,200.0,11.617808103561401,485943
2,586,200.0,2.3993725776672363,485986
2,587,-20.0,47.474778175354004,487031
2,588,-20.0,37.690378189086914,487828
2,589,-20.0,42.0689492225647,488768
2,590,-20.0,38.698296308517456,489646
2,591,-20.0,36.634928464889526,490445
2,592,-20.0,40.764564752578735,491339
2,593,200.0,7.699748754501343,491497
2,594,-20.0,36.45123529434204,492311
2,595,-20.0,39.65212297439575,493212
2,596,-20.0,38.70314931869507,494059
2,597,-20.0,33.19736170768738,494780
2,598,-20.0,36.51983189582825,495588
2,599,-20.0,33.621739625930786,496333
2,600,-20.0,34.392539978027344,497083
2,601,-20.0,42.19377517700195,498018
2,602,-20.0,55.9782555103302,499245
2,603,-20.0,35.32716202735901,500041
2,604,-20.0,52.48838424682617,501196
2,605,-20.0,36.62353324890137,501987
2,606,-20.0,37.28750944137573,502801
2,607,-20.0,38.06579923629761,503609
2,608,-20.0,41.335543632507324,504506
2,609,-20.0,34.01215410232544,505259
2,610,-20.0,40.33887720108032,506172
2,611,-20.0,43.59876465797424,507116
2,612,-20.0,34.78949499130249,507885
2,613,200.0,6.845726728439331,508029
2,614,-20.0,36.39088416099548,508846
2,615,-20.0,41.6519296169281,509761
2,616,-20.0,36.12317895889282,510549
2,617,-20.0,36.025113105773926,511358
2,618,-20.0,40.73413372039795,512250
2,619,-20.0,44.672720432281494,513266
2,620,-20.0,48.507129430770874,514324
2,621,-20.0,46.76317620277405,515340
2,622,-20.0,40.125813245773315,516236
2,623,-20.0,37.41590476036072,517058
2,624,-20.0,45.53972363471985,518051
2,625,-20.0,40.532756090164185,518934
2,626,-20.0,38.40896153450012,519773
2,627,-20.0,36.19691872596741,520554
2,628,200.0,13.11748194694519,520843
2,629,-20.0,36.094496965408325,521629
2,630,-20.0,44.90275001525879,522624
2,631,-20.0,43.87187695503235,523575
2,632,-20.0,37.511181354522705,524431
2,633,-20.0,47.69426727294922,525501
2,634,-20.0,40.80330801010132,526405
2,635,-20.0,38.433955907821655,527248
2,636,-20.0,37.70863747596741,528071
2,637,-20.0,42.766594886779785,529028
2,638,-20.0,36.33745861053467,529823
2,639,-20.0,35.11675572395325,530575
2,640,-20.0,38.09307026863098,531400
2,641,-20.0,41.41623306274414,532308
2,642,-20.0,38.04551076889038,533149
2,643,-20.0,34.61850690841675,533915
2,644,-20.0,46.01301169395447,534925
2,645,-20.0,38.906676292419434,535765
2,646,-20.0,45.85894536972046,536799
2,647,-20.0,36.54349970817566,537601
2,648,-20.0,36.13716673851013,538396
2,649,-20.0,35.79030895233154,539174
2,650,-20.0,37.65953779220581,539978
2,651,-20.0,38.82615566253662,540842
2,652,-20.0,49.636656284332275,541954
2,653,-20.0,35.9805703163147,542743
2,654,-20.0,36.67035174369812,543538
2,655,-20.0,36.798542499542236,544349
2,656,-20.0,40.46923804283142,545233
2,657,-20.0,41.546846866607666,546155
2,658,-20.0,44.168678283691406,547133
2,659,-20.0,46.76477575302124,548152
2,660,-20.0,47.93205976486206,549192
2,661,-20.0,41.269437074661255,550091
2,662,-20.0,49.47758483886719,551202
2,663,-20.0,38.02160930633545,552036
2,664,-20.0,41.85676026344299,552963
2,665,-20.0,35.77672219276428,553741
2,666,-20.0,32.79019212722778,554435
2,667,200.0,8.315824270248413,554609
2,668,200.0,2.807650089263916,554662
2,669,-20.0,37.2723228931427,555463
2,670,-20.0,35.55017161369324,556241
2,671,-20.0,38.15531396865845,557048
2,672,-20.0,45.624417543411255,558036
2,673,-20.0,49.89273262023926,559136
2,674,200.0,7.854783773422241,559291
2,675,-20.0,35.85530924797058,560085
2,676,-20.0,49.765074491500854,561171
2,677,-20.0,36.812116384506226,561985
2,678,-20.0,34.94911766052246,562785
2,679,-20.0,58.74745512008667,564056
2,680,-20.0,36.784544944763184,564856
2,681,-20.0,36.555579662323,565661
2,682,-20.0,55.21405363082886,566863
2,683,-20.0,38.02585983276367,567722
2,684,-20.0,40.314494609832764,568602
2,685,-20.0,35.4908344745636,569391
2,686,-20.0,35.324129819869995,570187
2,687,-20.0,36.024967432022095,570995
2,688,-20.0,35.10857057571411,571784
2,689,-20.0,35.91728496551514,572569
2,690,-20.0,34.37484812736511,573346
2,691,-20.0,46.51591372489929,574374
2,692,-20.0,38.07781267166138,575198
2,693,-20.0,41.01760935783386,576102
2,694,-20.0,47.98867321014404,577134
2,695,-20.0,37.84414339065552,577955
2,696,200.0,14.14455509185791,578262
2,697,-20.0,34.63337230682373,579022
2,698,-20.0,50.44208550453186,580112
2,699,-20.0,35.886444330215454,580913
2,700,-20.0,36.478965282440186,581710
2,701,-20.0,36.18564319610596,582515
2,702,-20.0,51.0430691242218,583633
2,703,-20.0,40.179909467697144,584530
2,704,-20.0,38.16976857185364,585367
2,705,-20.0,40.90012192726135,586250
2,706,-20.0,39.82919478416443,587143
2,707,-20.0,51.404945850372314,588286
2,708,-20.0,42.016850233078,589216
2,709,-20.0,41.25713562965393,590102
2,710,-20.0,35.502092361450195,590875
2,711,-20.0,35.998836278915405,591634
2,712,-20.0,37.69762134552002,592455
2,713,-20.0,56.31972646713257,593675
2,714,-20.0,43.626792907714844,594629
2,715,-20.0,34.77662420272827,595406
2,716,-20.0,34.07553243637085,596141
2,717,-20.0,39.530996799468994,596990
2,718,-20.0,39.783974170684814,597892
2,719,200.0,7.0327088832855225,598020
2,720,-20.0,38.008289098739624,598852
2,721,-20.0,35.28757572174072,599640
2,722,-20.0,38.25766921043396,600474
2,723,-20.0,35.72430729866028,601243
2,724,-20.0,41.55953645706177,602170
2,725,-20.0,38.26256322860718,602985
2,726,-20.0,35.00238537788391,603757
2,727,-20.0,40.52226805686951,604666
2,728,-20.0,51.47530674934387,605787
2,729,-20.0,40.04069471359253,606668
2,730,-20.0,35.69896650314331,607436
2,731,200.0,2.760565757751465,607484
2,732,-20.0,45.44286227226257,608458
2,733,-20.0,44.80197072029114,609403
2,734,-20.0,37.33664608001709,610211
2,735,-20.0,41.76046276092529,611126
2,736,-20.0,33.084208965301514,611863
2,737,-20.0,34.64813542366028,612609
2,738,-20.0,38.13896632194519,613457
2,739,-20.0,36.69194173812866,614258
2,740,-20.0,34.64959454536438,615035
2,741,-20.0,35.295737743377686,615808
2,742,200.0,33.24956512451172,616528
2,743,-20.0,48.3332839012146,617578
2,744,-20.0,35.31450653076172,618387
2,745,-20.0,41.47502303123474,619277
2,746,-20.0,65.31693935394287,620707
2,747,-20.0,35.01025652885437,621466
2,748,-20.0,38.7055287361145,622312
2,749,-20.0,37.514615535736084,623166
2,750,-20.0,45.658039808273315,624176
2,751,-20.0,40.201467990875244,625051
2,752,-20.0,40.73082160949707,625929
2,753,-20.0,41.360679626464844,626828
2,754,-20.0,33.743993520736694,627546
2,755,-20.0,33.28794455528259,628311
2,756,-20.0,39.18470335006714,629153
2,757,-20.0,39.79488563537598,630008
2,758,-20.0,48.08379244804382,631079
2,759,-20.0,34.09763979911804,631859
2,760,-20.0,42.598649740219116,632797
2,761,-20.0,37.766018867492676,633634
2,762,200.0,7.049417734146118,633773
2,763,-20.0,36.17917203903198,634558
2,764,-20.0,36.011659145355225,635344
2,765,-20.0,38.626219749450684,636198
2,766,-20.0,45.27369403839111,637173
2,767,-20.0,36.939791202545166,638004
2,768,-20.0,32.847761392593384,638725
2,769,-20.0,64.30318522453308,640127
2,770,-20.0,40.58802151679993,641008
2,771,-20.0,42.5106086730957,641943
2,772,-20.0,37.70991063117981,642754
2,773,-20.0,37.70739674568176,643575
2,774,-20.0,41.39585041999817,644512
2,775,200.0,7.571654319763184,644642
2,776,-20.0,46.278364181518555,645634
2,777,-20.0,40.18633246421814,646517
2,778,-20.0,43.94635224342346,647487
2,779,-20.0,37.4275107383728,648312
2,780,200.0,7.17138934135437,648451
2,781,-20.0,41.83244180679321,649365
2,782,-20.0,39.38609719276428,650234
2,783,-20.0,44.66122889518738,651236
2,784,-20.0,36.393468379974365,652034
2,785,-20.0,38.02579188346863,652866
2,786,-20.0,47.63660264015198,653895
2,787,-20.0,41.15632605552673,654788
2,788,-20.0,34.615028858184814,655533
2,789,-20.0,42.59498190879822,656458
2,790,-20.0,47.10261058807373,657497
2,791,-20.0,39.33368730545044,658362
2,792,-20.0,38.78425717353821,659212
2,793,-20.0,43.959773778915405,660213
2,794,-20.0,37.33854341506958,661007
2,795,-20.0,37.848609924316406,661837
2,796,200.0,2.620238780975342,661887
2,797,200.0,3.751763105392456,661961
2,798,-20.0,42.560903787612915,662876
2,799,-20.0,34.401930809020996,663648
2,800,-20.0,35.17078733444214,664426
2,801,-20.0,37.80025625228882,665245
2,802,-20.0,40.36738348007202,666145
2,803,-20.0,42.62972855567932,667094
2,804,-20.0,39.83595252037048,667979
2,805,-20.0,38.53242492675781,668825
2,806,-20.0,39.56676387786865,669704
2,807,200.0,33.36771631240845,670420
2,808,-20.0,36.997214794158936,671220
2,809,-20.0,38.722806453704834,672057
2,810,-20.0,46.287254333496094,673078
2,811,-20.0,41.05205178260803,673978
2,812,-20.0,41.60460567474365,674884
2,813,-20.0,43.02335524559021,675797
2,814,-20.0,39.74067974090576,676676
2,815,-20.0,37.19158387184143,677478
2,816,-20.0,36.04065299034119,678235
2,817,-20.0,35.07836198806763,678998
2,818,-20.0,34.765437841415405,679764
2,819,-20.0,40.72977924346924,680662
2,820,-20.0,38.29480314254761,681490
2,821,-20.0,42.23932719230652,682442
2,822,-20.0,43.501160860061646,683414
2,823,-20.0,36.03127837181091,684209
2,824,-20.0,38.98402428627014,685086
2,825,-20.0,43.027756452560425,686020
2,826,200.0,2.775212526321411,686070
2,827,-20.0,44.27758765220642,687041
2,828,-20.0,42.33017683029175,687959
2,829,-20.0,39.342111587524414,688808
2,830,-20.0,35.928770542144775,689593
2,831,-20.0,40.32135558128357,690498
2,832,-20.0,33.44863224029541,691251
2,833,-20.0,38.17254400253296,692109
2,834,-20.0,37.07319641113281,692922
2,835,-20.0,38.820438861846924,693766
2,836,-20.0,43.83735179901123,694718
2,837,-20.0,35.914823055267334,695503
2,838,-20.0,46.861634492874146,696513
2,839,-20.0,36.68326258659363,697328
2,840,-20.0,37.30623745918274,698156
2,841,-20.0,39.09379959106445,699003
2,842,-20.0,61.82376980781555,700347
2,843,-20.0,35.01743006706238,701116
2,844,-20.0,39.573486328125,701999
2,845,-20.0,41.70493030548096,702929
2,846,-20.0,45.9422972202301,703925
2,847,-20.0,32.79258394241333,704663
2,848,200.0,18.842416048049927,705064
2,849,-20.0,37.74482178688049,705905
2,850,-20.0,42.120941400527954,706855
2,851,-20.0,40.516573429107666,707741
2,852,-20.0,43.030975341796875,708679
2,853,-20.0,35.79465651512146,709448
2,854,-20.0,34.825907707214355,710202
2,855,-20.0,45.7168664932251,711224
2,856,-20.0,35.62942552566528,712000
2,857,-20.0,33.174092054367065,712707
2,858,-20.0,38.91759514808655,713581
2,859,-20.0,35.021822929382324,714344
2,860,-20.0,37.129387617111206,715138
2,861,-20.0,41.157862424850464,716053
2,862,-20.0,45.12704157829285,717047
2,863,-20.0,36.03908395767212,717826
2,864,-20.0,40.27103304862976,718697
2,865,-20.0,43.399662733078,719653
2,866,200.0,11.901761054992676,719916
2,867,-20.0,40.2315354347229,720786
2,868,-20.0,39.077483892440796,721638
2,869,-20.0,35.667691469192505,722418
2,870,-20.0,41.45638394355774,723329
2,871,-20.0,46.6794171333313,724381
2,872,-20.0,38.02654695510864,725219
2,873,-20.0,42.448596715927124,726153
2,874,-20.0,34.794965744018555,726899
2,875,-20.0,41.32790184020996,727807
2,876,-20.0,38.221858501434326,728639
2,877,-20.0,32.02199745178223,729343
2,878,-20.0,38.346131801605225,730183
2,879,-20.0,37.32507801055908,730954
2,880,-20.0,41.399779319763184,731856
2,881,-20.0,36.57686996459961,732664
2,882,200.0,2.8577353954315186,732714
2,883,-20.0,39.47414946556091,733579
2,884,-20.0,38.45317101478577,734429
2,885,-20.0,36.303987979888916,735212
2,886,-20.0,36.53849458694458,736012
2,887,-20.0,40.34215211868286,736883
2,888,-20.0,36.510791063308716,737665
2,889,-20.0,40.376267194747925,738531
2,890,-20.0,40.97961473464966,739432
2,891,-20.0,38.68997383117676,740297
2,892,-20.0,40.38967680931091,741145
2,893,-20.0,36.317495584487915,741943
2,894,-20.0,38.71004676818848,742781
2,895,-20.0,38.891488552093506,743649
2,896,-20.0,44.35107684135437,744602
2,897,-20.0,34.37221145629883,745370
2,898,-20.0,42.12667489051819,746291
2,899,-20.0,36.55420207977295,747113
2,900,-20.0,34.90568518638611,747890
2,901,-20.0,54.43931531906128,749079
2,902,-20.0,47.121485233306885,750081
2,903,-20.0,41.185216426849365,750995
2,904,-20.0,34.265092849731445,751750
2,905,-20.0,39.1319694519043,752605
2,906,-20.0,49.89156246185303,753690
2,907,-20.0,35.379677057266235,754471
2,908,-20.0,45.8679895401001,755439
2,909,-20.0,39.242520570755005,756297
2,910,-20.0,43.386736154556274,757238
2,911,-20.0,35.58911418914795,758026
2,912,-20.0,41.45001983642578,758928
2,913,-20.0,37.790563106536865,759772
2,914,-20.0,36.947871685028076,760583
2,915,200.0,2.500016927719116,760631
2,916,-20.0,42.39625883102417,761576
2,917,-20.0,53.475343465805054,762729
2,918,-20.0,40.56929349899292,763615
2,919,-20.0,37.87056851387024,764453
2,920,-20.0,43.85623216629028,765423
2,921,-20.0,38.429280042648315,766245
2,922,-20.0,44.56189799308777,767218
2,923,-20.0,43.57175254821777,768170
2,924,-20.0,36.25270652770996,768959
2,925,-20.0,35.30019402503967,769734
2,926,-20.0,46.839770793914795,770750
2,927,-20.0,35.6171452999115,771543
2,928,-20.0,39.577043294906616,772390
2,929,-20.0,51.16964840888977,773524
2,930,200.0,5.915515422821045,773653
2,931,-20.0,34.38003659248352,774374
2,932,-20.0,46.7892005443573,775335
2,933,-20.0,40.537497997283936,776221
2,934,-20.0,57.799214124679565,777494
2,935,-20.0,36.65359139442444,778291
2,936,-20.0,41.07027626037598,779208
2,937,-20.0,42.230122566223145,780123
2,938,-20.0,41.319374561309814,781013
2,939,-20.0,45.46137595176697,782009
2,940,-20.0,53.50186467170715,783169
2,941,-20.0,38.780919551849365,783982
2,942,-20.0,44.73988437652588,785008
2,943,-20.0,42.12616968154907,785898
2,944,-20.0,54.624186992645264,787057
2,945,-20.0,39.81162428855896,787949
2,946,-20.0,36.933510065078735,788773
2,947,-20.0,40.88689208030701,789678
2,948,-20.0,38.54904222488403,790527
2,949,-20.0,36.50967311859131,791331
2,950,200.0,2.7361066341400146,791380
2,951,-20.0,39.37822866439819,792241
2,952,-20.0,41.038628578186035,793102
2,953,-20.0,42.207706689834595,794044
2,954,-20.0,41.57875442504883,794947
2,955,-20.0,40.69053316116333,795849
2,956,-20.0,38.05387258529663,796666
2,957,-20.0,49.36809277534485,797747
2,958,-20.0,43.624011754989624,798689
2,959,-20.0,38.01351976394653,799529
2,960,-20.0,34.18888783454895,800271
2,961,200.0,16.416792392730713,800610
2,962,-20.0,35.61465930938721,801373
2,963,-20.0,40.34965991973877,802262
2,964,-20.0,35.77008271217346,803037
2,965,-20.0,40.56135654449463,803936
2,966,-20.0,39.5392484664917,804779
2,967,-20.0,50.1400249004364,805875
2,968,-20.0,43.05567932128906,806794
2,969,-20.0,37.63553333282471,807608
2,970,-20.0,34.66233944892883,808382
2,971,-20.0,44.09424352645874,809345
2,972,-20.0,37.05093240737915,810142
2,973,-20.0,39.559593200683594,811006
2,974,-20.0,35.57219910621643,811794
2,975,-20.0,36.41146755218506,812588
2,976,-20.0,39.48211312294006,813457
2,977,-20.0,33.45025897026062,814200
2,978,-20.0,38.07904815673828,815058
2,979,-20.0,40.60086917877197,815946
2,980,-20.0,40.52428841590881,816858
2,981,-20.0,36.134902238845825,817654
2,982,-20.0,36.934736251831055,818471
2,983,-20.0,42.372320890426636,819374
2,984,-20.0,38.26566457748413,820187
2,985,-20.0,40.19657897949219,821059
2,986,-20.0,37.060351848602295,821874
2,987,-20.0,44.59088349342346,822862
2,988,-20.0,45.979697465896606,823884
2,989,-20.0,45.83653974533081,824878
2,990,-20.0,41.98367404937744,825779
2,991,-20.0,38.25033259391785,826593
2,992,-20.0,39.26928758621216,827440
2,993,-20.0,37.18792510032654,828283
2,994,-20.0,42.28246283531189,829190
2,995,-20.0,38.1493604183197,830031
2,996,-20.0,38.74770402908325,830874
2,997,-20.0,43.14504647254944,831790
2,998,-20.0,39.354482650756836,832606
2,999,-20.0,40.08517503738403,833497
2,1000,-20.0,43.3743462562561,834435
2,1001,-20.0,37.15141201019287,835234
2,1002,-20.0,39.032710313797,836095
2,1003,-20.0,51.08794379234314,837198
2,1004,-20.0,39.83455681800842,838059
2,1005,-20.0,48.97072076797485,839117
2,1006,-20.0,40.489542961120605,840010
2,1007,-20.0,42.95490550994873,840965
2,1008,-20.0,35.653313636779785,841757
2,1009,-20.0,36.31693363189697,842550
2,1010,-20.0,39.21984839439392,843403
2,1011,-20.0,45.59036374092102,844411
2,1012,-20.0,41.588388204574585,845323
2,1013,-20.0,38.75684666633606,846167
2,1014,-20.0,38.62160658836365,847017
2,1015,-20.0,42.44187140464783,847893
2,1016,200.0,9.635725021362305,848095
2,1017,-20.0,34.70366072654724,848833
2,1018,-20.0,41.7958288192749,849727
2,1019,-20.0,56.7982292175293,850961
2,1020,-20.0,37.97907328605652,851800
2,1021,-20.0,34.396323680877686,852557
2,1022,-20.0,40.297534227371216,853452
2,1023,200.0,2.5950028896331787,853501
2,1024,200.0,11.61512565612793,853745
2,1025,-20.0,36.45287036895752,854540
2,1026,-20.0,37.27111220359802,855361
2,1027,-20.0,38.80302953720093,856213
2,1028,-20.0,44.78348231315613,857173
2,1029,-20.0,48.924232721328735,858251
2,1030,-20.0,40.69548320770264,859148
2,1031,-20.0,40.074668407440186,860024
2,1032,-20.0,36.56423473358154,860818
2,1033,-20.0,64.97325396537781,862210
2,1034,-20.0,41.953564405441284,863129
2,1035,-20.0,42.960381269454956,864073
2,1036,-20.0,33.66551089286804,864808
2,1037,-20.0,39.549341678619385,865678
2,1038,-20.0,35.232322692871094,866452
2,1039,-20.0,45.49905562400818,867470
2,1040,-20.0,39.758931398391724,868323
2,1041,-20.0,32.58188056945801,869052
2,1042,-20.0,37.7278516292572,869877
2,1043,-20.0,47.685338735580444,870909
2,1044,-20.0,40.41956806182861,871759
2,1045,-20.0,40.56781888008118,872647
2,1046,-20.0,42.42512536048889,873557
2,1047,-20.0,35.70227098464966,874346
2,1048,-20.0,40.7349009513855,875227
2,1049,-20.0,37.960700273513794,876056
2,1050,-20.0,38.94983410835266,876906
2,1051,-20.0,34.04896783828735,877652
2,1052,-20.0,48.51609754562378,878661
2,1053,-20.0,37.05388951301575,879449
2,1054,-20.0,46.422930002212524,880423
2,1055,-20.0,38.34279203414917,881269
2,1056,-20.0,44.8939905166626,882230
2,1057,-20.0,50.96265721321106,883321
2,1058,-20.0,42.365421295166016,884269
2,1059,-20.0,39.24489974975586,885115
2,1060,-20.0,36.13252067565918,885918
2,1061,-20.0,36.14608192443848,886721
2,1062,-20.0,37.471919298172,887517
2,1063,-20.0,42.41723918914795,888427
2,1064,-20.0,35.67158484458923,889221
2,1065,-20.0,33.513192892074585,889944
2,1066,-20.0,41.25384783744812,890855
2,1067,-20.0,36.211352825164795,891618
2,1068,-20.0,35.933056592941284,892409
2,1069,200.0,9.324862003326416,892613
2,1070,-20.0,36.65536832809448,893420
2,1071,-20.0,42.70325326919556,894344
2,1072,-20.0,39.2581832408905,895226
2,1073,-20.0,39.886690855026245,896083
2,1074,-20.0,37.25311088562012,896902
2,1075,-20.0,39.779173374176025,897745
2,1076,-20.0,37.03584599494934,898524
2,1077,-20.0,44.784183979034424,899492
2,1078,-20.0,35.67038679122925,900258
2,1079,-20.0,46.24593448638916,901272
2,1080,-20.0,42.649693727493286,902203
2,1081,-20.0,37.77190923690796,903018
2,1082,-20.0,45.18256688117981,903988
2,1083,200.0,10.896828413009644,904208
2,1084,-20.0,38.40085005760193,905057
2,1085,-20.0,38.9168918132782,905865
2,1086,-20.0,38.33597135543823,906694
2,1087,200.0,5.884305238723755,906815
2,1088,-20.0,39.17262053489685,907676
2,1089,-20.0,35.17769718170166,908454
2,1090,-20.0,37.90354323387146,909284
2,1091,-20.0,43.49321627616882,910239
2,1092,-20.0,36.207595348358154,910996
2,1093,-20.0,46.217230796813965,911983
2,1094,200.0,3.5604233741760254,912049
2,1095,-20.0,45.02837538719177,913017
2,1096,-20.0,36.59763026237488,913811
2,1097,-20.0,46.745285511016846,914840
2,1098,-20.0,37.72243857383728,915676
2,1099,-20.0,35.44927096366882,916460
2,1100,-20.0,38.75697922706604,917287
2,1101,-20.0,32.652852296829224,917968
2,1102,-20.0,41.04216814041138,918877
2,1103,-20.0,36.808873653411865,919695
2,1104,-20.0,39.859397172927856,920550
2,1105,-20.0,35.94587206840515,921303
2,1106,-20.0,56.479955196380615,922515
2,1107,-20.0,60.3329393863678,923809
2,1108,-20.0,41.03241586685181,924698
2,1109,-20.0,36.7687509059906,925490
2,1110,-20.0,39.14846158027649,926336
2,1111,-20.0,49.31066060066223,927435
2,1112,-20.0,42.07150387763977,928369
2,1113,-20.0,39.751418590545654,929241
2,1114,-20.0,43.31795048713684,930196
2,1115,-20.0,39.22136330604553,931040
2,1116,-20.0,36.64435935020447,931839
2,1117,-20.0,39.223154067993164,932692
2,1118,-20.0,38.771010637283325,933523
2,1119,-20.0,35.99839115142822,934318
2,1120,-20.0,35.03152370452881,935092
2,1121,-20.0,49.51744794845581,936148
2,1122,-20.0,46.23081564903259,937147
2,1123,-20.0,40.49427270889282,938046
2,1124,-20.0,33.14319062232971,938790
2,1125,200.0,4.0757763385772705,938872
2,1126,200.0,12.346882820129395,939149
2,1127,-20.0,35.28696656227112,939942
2,1128,-20.0,40.1373770236969,940819
2,1129,-20.0,42.6807587146759,941773
2,1130,-20.0,43.43097972869873,942719
2,1131,-20.0,39.09815168380737,943556
2,1132,-20.0,45.23625683784485,944562
2,1133,-20.0,42.69251275062561,945499
2,1134,-20.0,38.86302900314331,946345
2,1135,-20.0,41.87688422203064,947246
2,1136,-20.0,37.49028825759888,948072
2,1137,-20.0,38.63071894645691,948902
2,1138,-20.0,38.745750188827515,949753
2,1139,-20.0,38.55876064300537,950575
2,1140,-20.0,39.60029411315918,951402
2,1141,-20.0,36.33042526245117,952203
2,1142,-20.0,37.934500217437744,953048
2,1143,-20.0,41.07751822471619,953949
2,1144,-20.0,34.184027671813965,954694
2,1145,-20.0,37.19276404380798,955489
2,1146,-20.0,45.79881525039673,956479
2,1147,-20.0,34.17864656448364,957194
2,1148,-20.0,35.80347776412964,957952
2,1149,-20.0,37.87530207633972,958764
2,1150,-20.0,36.472383975982666,959584
2,1151,-20.0,43.18177938461304,960522
2,1152,-20.0,40.148123264312744,961390
2,1153,-20.0,37.66637086868286,962223
2,1154,-20.0,34.40548396110535,962944
2,1155,-20.0,41.19230031967163,963860
2,1156,-20.0,41.600297927856445,964785
2,1157,-20.0,53.09526300430298,965950
2,1158,-20.0,38.644487142562866,966816
2,1159,-20.0,45.006343841552734,967778
2,1160,-20.0,37.84435200691223,968625
2,1161,-20.0,42.841782093048096,969534
2,1162,-20.0,49.12986707687378,970589
2,1163,-20.0,39.95526909828186,971469
2,1164,-20.0,54.18459939956665,972639
2,1165,-20.0,43.61043357849121,973598
2,1166,-20.0,34.31770038604736,974368
2,1167,-20.0,46.26882767677307,975376
2,1168,-20.0,39.72401142120361,976227
2,1169,-20.0,37.74884390830994,977076
2,1170,-20.0,32.8597846031189,977781
2,1171,-20.0,34.196202754974365,978492
2,1172,-20.0,49.75272822380066,979552
2,1173,-20.0,40.27583408355713,980432
2,1174,-20.0,37.971795082092285,981243
2,1175,-20.0,41.59777283668518,982110
2,1176,-20.0,34.43558692932129,982859
2,1177,200.0,18.240379095077515,983247
2,1178,-20.0,40.52079248428345,984098
2,1179,-20.0,36.32696032524109,984891
2,1180,-20.0,53.363505363464355,986069
2,1181,-20.0,41.31644940376282,986977
2,1182,-20.0,37.28525495529175,987776
2,1183,-20.0,40.9583055973053,988656
2,1184,200.0,25.810399293899536,989212
2,1185,-20.0,45.26273250579834,990200
2,1186,200.0,12.076470375061035,990464
2,1187,-20.0,50.13326621055603,991536
2,1188,-20.0,38.67443108558655,992372
2,1189,-20.0,37.176961183547974,993161
2,1190,-20.0,53.95150065422058,994327
2,1191,-20.0,38.42516279220581,995190
2,1192,-20.0,40.688535928726196,996058
2,1193,-20.0,39.10053491592407,996910
2,1194,-20.0,54.79098916053772,998121
2,1195,-20.0,41.15841794013977,999014
2,1196,-20.0,36.4458065032959,999806
2,1197,-20.0,39.23090600967407,1000673
2,1198,-20.0,43.391297340393066,1001623
2,1199,-20.0,40.31277632713318,1002513
2,1200,-20.0,35.88960790634155,1003286
2,1201,-20.0,35.520803928375244,1004057
2,1202,-20.0,42.5721435546875,1004975
2,1203,-20.0,37.49340605735779,1005827
2,1204,-20.0,38.15461015701294,1006654
2,1205,-20.0,39.93727350234985,1007498
2,1206,-20.0,34.151843547821045,1008225
2,1207,-20.0,40.48514413833618,1009114
2,1208,-20.0,37.92926287651062,1009923
2,1209,-20.0,40.83523082733154,1010807
2,1210,-20.0,39.82107996940613,1011659
2,1211,-20.0,41.62587308883667,1012553
2,1212,-20.0,37.40500259399414,1013398
2,1213,-20.0,41.29762506484985,1014272
2,1214,-20.0,39.55082297325134,1015134
2,1215,-20.0,47.14860272407532,1016148
2,1216,-20.0,42.76381707191467,1017037
2,1217,-20.0,41.580660820007324,1017930
2,1218,-20.0,36.25911211967468,1018718
2,1219,-20.0,35.34697079658508,1019499
2,1220,-20.0,35.59154963493347,1020280
2,1221,-20.0,59.15550231933594,1021560
2,1222,-20.0,36.74118232727051,1022354
2,1223,-20.0,37.414281129837036,1023165
2,1224,-20.0,38.896596908569336,1024020
2,1225,-20.0,44.62060832977295,1024969
2,1226,-20.0,43.18540954589844,1025881
2,1227,-20.0,33.07288312911987,1026608
2,1228,-20.0,43.18638300895691,1027512
2,1229,-20.0,42.896852016448975,1028445
2,1230,-20.0,34.90919327735901,1029208
2,1231,-20.0,36.04411506652832,1030016
2,1232,-20.0,37.571176052093506,1030807
2,1233,-20.0,44.43818545341492,1031762
2,1234,-20.0,36.40219473838806,1032542
2,1235,-20.0,38.01468563079834,1033387
2,1236,-20.0,34.70400333404541,1034144
2,1237,-20.0,60.150742292404175,1035445
2,1238,-20.0,38.25131058692932,1036262
2,1239,-20.0,37.44624161720276,1037054
2,1240,200.0,4.264188528060913,1037120
2,1241,-20.0,39.255205154418945,1037948
2,1242,-20.0,44.51724171638489,1038920
2,1243,-20.0,49.88614821434021,1040000
2,1244,-20.0,37.12367582321167,1040823
2,1245,-20.0,34.623929500579834,1041529
2,1246,-20.0,48.18097424507141,1042584
2,1247,-20.0,38.59456658363342,1043425
2,1248,200.0,11.79306697845459,1043677
2,1249,-20.0,37.072659969329834,1044500
2,1250,-20.0,39.008610248565674,1045347
2,1251,-20.0,40.358508586883545,1046214
2,1252,-20.0,40.87776756286621,1047088
2,1253,-20.0,41.05335211753845,1047996
2,1254,-20.0,45.0509512424469,1048991
2,1255,-20.0,36.08978533744812,1049784
2,1256,-20.0,44.055237770080566,1050751
2,1257,-20.0,35.555901527404785,1051527
2,1258,-20.0,41.145296812057495,1052409
2,1259,-20.0,44.16541862487793,1053337
2,1260,-20.0,41.31227397918701,1054229
2,1261,-20.0,42.56485891342163,1055128
2,1262,-20.0,37.606531620025635,1055955
2,1263,-20.0,34.022451639175415,1056681
2,1264,-20.0,41.5678436756134,1057577
2,1265,-20.0,37.38720488548279,1058393
2,1266,-20.0,35.564836502075195,1059161
2,1267,-20.0,39.11202526092529,1059972
2,1268,-20.0,39.60981321334839,1060834
2,1269,-20.0,43.26743149757385,1061751
2,1270,-20.0,38.69345760345459,1062594
2,1271,-20.0,35.92776870727539,1063394
2,1272,-20.0,39.99896478652954,1064287
2,1273,-20.0,33.649871826171875,1065044
2,1274,-20.0,35.502206325531006,1065817
2,1275,-20.0,36.329434394836426,1066606
2,1276,200.0,11.93489146232605,1066847
2,1277,-20.0,47.94927382469177,1067896
2,1278,-20.0,43.02127170562744,1068841
2,1279,-20.0,51.03422427177429,1069948
2,1280,-20.0,34.51514935493469,1070709
2,1281,-20.0,54.02866196632385,1071903
2,1282,200.0,12.40112018585205,1072166
2,1283,-20.0,41.832380533218384,1073079
2,1284,-20.0,38.303869009017944,1073899
2,1285,-20.0,37.60792517662048,1074721
2,1286,-20.0,46.997997999191284,1075752
2,1287,-20.0,35.54025077819824,1076536
2,1288,-20.0,40.82641530036926,1077408
2,1289,-20.0,49.68497180938721,1078457
2,1290,-20.0,38.61828136444092,1079297
2,1291,-20.0,37.246243476867676,1080120
2,1292,-20.0,37.149038553237915,1080925
2,1293,-20.0,37.86244082450867,1081755
2,1294,-20.0,37.80630326271057,1082567
2,1295,-20.0,39.340986251831055,1083397
2,1296,-20.0,37.07181096076965,1084207
2,1297,-20.0,48.04343938827515,1085247
2,1298,-20.0,39.811171531677246,1086106
2,1299,-20.0,44.48277187347412,1087037
2,1300,-20.0,49.361348152160645,1088091
2,1301,-20.0,44.050363063812256,1089073
2,1302,-20.0,36.48093366622925,1089881
2,1303,-20.0,45.86822557449341,1090867
2,1304,-20.0,38.44055962562561,1091700
2,1305,-20.0,40.08944582939148,1092560
2,1306,-20.0,39.447465658187866,1093407
2,1307,-20.0,40.9119553565979,1094271
2,1308,-20.0,52.22022199630737,1095358
2,1309,-20.0,39.37755370140076,1096201
2,1310,-20.0,38.42593240737915,1097041
2,1311,-20.0,37.02183389663696,1097813
2,1312,-20.0,42.911221742630005,1098753
2,1313,-20.0,40.67742562294006,1099632
2,1314,-20.0,40.68829011917114,1100519
2,1315,-20.0,37.88467311859131,1101338
2,1316,-20.0,35.50207185745239,1102129
2,1317,-20.0,34.93961048126221,1102897
2,1318,200.0,2.5919854640960693,1102940
2,1319,-20.0,35.68091607093811,1103729
2,1320,-20.0,49.41146206855774,1104805
2,1321,-20.0,47.14001154899597,1105836
2,1322,-20.0,36.41333293914795,1106617
2,1323,-20.0,36.53768754005432,1107404
2,1324,-20.0,40.0613477230072,1108290
2,1325,-20.0,42.26515460014343,1109197
2,1326,-20.0,34.227184772491455,1109936
2,1327,-20.0,42.46042561531067,1110813
2,1328,-20.0,35.8067831993103,1111592
2,1329,-20.0,44.98132920265198,1112578
2,1330,-20.0,35.85711073875427,1113329
2,1331,-20.0,52.68993949890137,1114489
2,1332,-20.0,40.96872806549072,1115376
2,1333,-20.0,34.69294571876526,1116136
2,1334,-20.0,39.17729115486145,1116993
2,1335,-20.0,50.92627501487732,1118084
2,1336,-20.0,46.889036417007446,1119137
2,1337,-20.0,42.37090992927551,1120042
2,1338,-20.0,36.74403643608093,1120839
2,1339,-20.0,42.01034641265869,1121757
2,1340,200.0,10.411938428878784,1121967
2,1341,-20.0,40.09588265419006,1122823
2,1342,-20.0,46.41654372215271,1123855
2,1343,-20.0,36.28255343437195,1124668
2,1344,-20.0,38.51134729385376,1125510
2,1345,-20.0,48.57569241523743,1126572
2,1346,-20.0,38.243019580841064,1127391
2,1347,-20.0,43.200886726379395,1128342
2,1348,-20.0,42.62161302566528,1129265
2,1349,-20.0,51.38250184059143,1130368
2,1350,-20.0,45.801645278930664,1131367
2,1351,-20.0,37.004303216934204,1132178
2,1352,-20.0,34.35853576660156,1132908
2,1353,200.0,3.535186290740967,1132969
2,1354,200.0,2.717268466949463,1133011
2,1355,-20.0,38.185033321380615,1133833
2,1356,-20.0,39.2786967754364,1134660
2,1357,-20.0,47.57184839248657,1135687
2,1358,-20.0,33.08922982215881,1136410
2,1359,-20.0,43.85655355453491,1137360
2,1360,-20.0,42.37912940979004,1138280
2,1361,-20.0,49.175283670425415,1139335
2,1362,-20.0,35.61629915237427,1140114
2,1363,-20.0,40.03161907196045,1140972
2,1364,-20.0,54.99668765068054,1142161
2,1365,-20.0,50.18735313415527,1143268
2,1366,-20.0,39.178375482559204,1144140
2,1367,-20.0,40.789005756378174,1145028
2,1368,-20.0,39.87753772735596,1145886
2,1369,-20.0,36.40444040298462,1146689
2,1370,-20.0,43.47667098045349,1147608
2,1371,-20.0,34.66995596885681,1148363
2,1372,-20.0,35.588905334472656,1149148
2,1373,-20.0,46.34567952156067,1150152
2,1374,-20.0,42.28444957733154,1151084
2,1375,200.0,11.385244131088257,1151320
2,1376,-20.0,47.54500937461853,1152335
2,1377,-20.0,38.93470048904419,1153190
2,1378,-20.0,39.75921368598938,1154056
2,1379,-20.0,38.243690729141235,1154898
2,1380,-20.0,38.63956809043884,1155695
2,1381,-20.0,41.100444316864014,1156572
2,1382,-20.0,35.51217269897461,1157335
2,1383,-20.0,41.6016902923584,1158249
2,1384,-20.0,46.06955599784851,1159244
2,1385,-20.0,37.47469115257263,1160081
2,1386,-20.0,37.28036093711853,1160894
2,1387,-20.0,38.70289087295532,1161731
2,1388,-20.0,48.96174120903015,1162804
2,1389,-20.0,50.94498682022095,1163886
2,1390,200.0,8.837987184524536,1164070
2,1391,-20.0,36.96622562408447,1164840
2,1392,-20.0,35.610323905944824,1165627
2,1393,-20.0,36.39698362350464,1166414
2,1394,-20.0,37.130069971084595,1167224
2,1395,200.0,3.850234031677246,1167286
2,1396,-20.0,39.12565040588379,1168146
2,1397,-20.0,43.52105116844177,1169074
2,1398,-20.0,38.54161739349365,1169887
2,1399,-20.0,42.75317597389221,1170799
2,1400,-20.0,38.271864891052246,1171633
2,1401,-20.0,38.354615211486816,1172469
2,1402,-20.0,43.04064869880676,1173423
2,1403,-20.0,40.921709299087524,1174301
2,1404,-20.0,46.372448444366455,1175317
2,1405,-20.0,37.96124458312988,1176145
2,1406,-20.0,43.6468243598938,1177065
2,1407,-20.0,37.632511377334595,1177888
2,1408,-20.0,35.67212104797363,1178636
2,1409,-20.0,38.213491439819336,1179466
2,1410,-20.0,49.219428062438965,1180530
2,1411,-20.0,38.56734251976013,1181361
2,1412,-20.0,39.53015208244324,1182222
2,1413,-20.0,37.50376558303833,1183028
2,1414,-20.0,36.57426309585571,1183810
2,1415,-20.0,44.82924437522888,1184780
2,1416,-20.0,38.85092616081238,1185638
2,1417,-20.0,41.648722410202026,1186507
2,1418,-20.0,37.36590600013733,1187292
2,1419,-20.0,44.89096260070801,1188251
2,1420,-20.0,36.18010115623474,1189019
2,1421,-20.0,33.74313426017761,1189750
2,1422,-20.0,38.421663761138916,1190585
2,1423,-20.0,40.6086049079895,1191447
2,1424,-20.0,37.400556802749634,1192245
2,1425,-20.0,38.33812379837036,1193044
2,1426,-20.0,39.10340452194214,1193925
2,1427,-20.0,45.637787103652954,1194898
2,1428,-20.0,39.98870372772217,1195738
2,1429,-20.0,39.78485941886902,1196603
2,1430,-20.0,39.02863359451294,1197444
2,1431,-20.0,42.59344720840454,1198362
2,1432,-20.0,36.70825910568237,1199148
2,1433,-20.0,33.540101528167725,1199875
2,1434,-20.0,43.38441324234009,1200825
2,1435,-20.0,41.21702289581299,1201744
2,1436,-20.0,37.19104480743408,1202558
2,1437,-20.0,38.004578828811646,1203379
2,1438,-20.0,37.82857084274292,1204171
2,1439,-20.0,38.443408250808716,1204998
2,1440,-20.0,36.364590883255005,1205780
2,1441,-20.0,40.38213109970093,1206644
2,1442,-20.0,38.86077928543091,1207480
2,1443,200.0,18.688291788101196,1207882
2,1444,-20.0,40.88981795310974,1208768
2,1445,-20.0,46.12828993797302,1209724
2,1446,-20.0,36.8026659488678,1210508
2,1447,-20.0,36.6070122718811,1211313
2,1448,-20.0,41.65118050575256,1212230
2,1449,-20.0,45.42735528945923,1213221
2,1450,-20.0,46.99630093574524,1214230
2,1451,200.0,13.896038055419922,1214507
2,1452,-20.0,44.84986853599548,1215457
2,1453,-20.0,53.10592031478882,1216587
2,1454,-20.0,35.04593229293823,1217344
2,1455,-20.0,40.64500856399536,1218222
2,1456,-20.0,39.9698588848114,1219083
2,1457,-20.0,37.92703819274902,1219899
2,1458,-20.0,43.92392539978027,1220850
2,1459,-20.0,35.21611499786377,1221624
2,1460,-20.0,39.96257925033569,1222518
2,1461,-20.0,35.62485218048096,1223286
2,1462,-20.0,44.71320843696594,1224230
2,1463,-20.0,37.36586785316467,1225035
2,1464,-20.0,32.401403188705444,1225744
2,1465,-20.0,35.147202253341675,1226521
2,1466,-20.0,39.820297718048096,1227386
2,1467,-20.0,35.23905110359192,1228151
2,1468,-20.0,37.82609462738037,1228963
2,1469,-20.0,50.76737070083618,1230048
2,1470,-20.0,33.39620065689087,1230757
2,1471,-20.0,34.05786967277527,1231497
2,1472,-20.0,38.000826597213745,1232312
2,1473,-20.0,41.5627977848053,1233195
2,1474,-20.0,41.21608829498291,1234106
2,1475,-20.0,36.90649724006653,1234904
2,1476,-20.0,40.109166860580444,1235761
2,1477,-20.0,35.36966896057129,1236527
2,1478,-20.0,44.064290285110474,1237478
2,1479,-20.0,36.78611993789673,1238296
2,1480,-20.0,42.421146869659424,1239222
2,1481,-20.0,35.240304946899414,1239970
2,1482,-20.0,37.432273626327515,1240807
2,1483,-20.0,38.91444110870361,1241638
2,1484,-20.0,61.365856409072876,1242927
2,1485,-20.0,46.381098985672,1243931
2,1486,-20.0,38.17881393432617,1244741
2,1487,-20.0,45.47046756744385,1245752
2,1488,-20.0,41.9448299407959,1246668
2,1489,-20.0,40.70958185195923,1247520
2,1490,-20.0,36.65990447998047,1248310
2,1491,-20.0,53.55489706993103,1249447
2,1492,-20.0,43.39672803878784,1250372
2,1493,-20.0,38.78450536727905,1251212
2,1494,-20.0,37.36213040351868,1252026
2,1495,-20.0,34.45143365859985,1252780
2,1496,-20.0,36.467376708984375,1253588
2,1497,-20.0,50.001357078552246,1254663
2,1498,-20.0,46.78240466117859,1255664
2,1499,-20.0,36.88921499252319,1256449
2,1500,-20.0,43.329198122024536,1257363
2,1501,-20.0,42.44180607795715,1258283
2,1502,-20.0,40.45085668563843,1259145
2,1503,-20.0,35.98007369041443,1259920
2,1504,200.0,5.116409540176392,1260022
2,1505,-20.0,38.79011058807373,1260852
2,1506,-20.0,36.30359768867493,1261639
2,1507,-20.0,36.10796332359314,1262422
2,1508,-20.0,37.57368278503418,1263260
2,1509,-20.0,39.14989519119263,1264073
2,1510,-20.0,37.41739821434021,1264852
2,1511,-20.0,51.46092247962952,1265964
2,1512,-20.0,39.88456583023071,1266823
2,1513,-20.0,37.6384801864624,1267645
2,1514,-20.0,39.46078181266785,1268493
2,1515,-20.0,37.471792459487915,1269335
2,1516,-20.0,39.468751668930054,1270199
2,1517,-20.0,46.126282691955566,1271193
2,1518,-20.0,42.80627965927124,1272097
2,1519,-20.0,39.43361711502075,1272937
2,1520,200.0,21.468093633651733,1273386
2,1521,-20.0,36.59117126464844,1274194
2,1522,-20.0,39.07839012145996,1275036
2,1523,-20.0,47.91403317451477,1276060
2,1524,-20.0,42.53668022155762,1276981
2,1525,-20.0,41.70560550689697,1277868
2,1526,-20.0,44.7824227809906,1278854
2,1527,-20.0,48.72683262825012,1279893
2,1528,-20.0,42.98675727844238,1280798
2,1529,-20.0,35.21970868110657,1281570
2,1530,-20.0,42.77790713310242,1282496
2,1531,-20.0,53.014421701431274,1283623
2,1532,-20.0,37.32059383392334,1284433
2,1533,-20.0,48.68495965003967,1285461
2,1534,-20.0,42.280991315841675,1286366
2,1535,-20.0,39.19635081291199,1287199
2,1536,-20.0,38.693838596343994,1288040
2,1537,-20.0,37.218849182128906,1288842
2,1538,-20.0,36.54490303993225,1289619
2,1539,-20.0,35.08048987388611,1290383
2,1540,-20.0,38.948378801345825,1291218
2,1541,-20.0,46.86911129951477,1292244
2,1542,-20.0,42.1381778717041,1293148
2,1543,-20.0,45.93000626564026,1294131
2,1544,-20.0,41.3976469039917,1295016
2,1545,-20.0,48.42062258720398,1296070
2,1546,-20.0,53.167081356048584,1297212
2,1547,-20.0,40.28490138053894,1298089
2,1548,-20.0,36.67142701148987,1298897
2,1549,-20.0,40.411044120788574,1299753
2,1550,200.0,27.2343430519104,1300318
2,1551,-20.0,34.44659399986267,1301067
2,1552,-20.0,39.38511276245117,1301904
2,1553,-20.0,37.161197900772095,1302709
2,1554,-20.0,49.6643340587616,1303773
2,1555,200.0,3.8510074615478516,1303836
2,1556,-20.0,35.25483202934265,1304601
2,1557,-20.0,35.649200677871704,1305384
2,1558,-20.0,40.359846115112305,1306240
2,1559,-20.0,37.54485774040222,1307028
2,1560,-20.0,39.18815755844116,1307883
2,1561,-20.0,47.228782415390015,1308868
2,1562,-20.0,43.30297327041626,1309811
2,1563,-20.0,52.51845121383667,1310971
2,1564,-20.0,43.480955600738525,1311874
2,1565,-20.0,38.524532079696655,1312677
2,1566,-20.0,33.79598951339722,1313405
2,1567,-20.0,39.71558165550232,1314252
2,1568,-20.0,42.89978575706482,1315180
2,1569,-20.0,48.165743350982666,1316196
2,1570,-20.0,49.30901503562927,1317242
2,1571,-20.0,42.1324098110199,1318156
2,1572,-20.0,38.5146050453186,1318960
2,1573,200.0,2.7622523307800293,1319006
2,1574,-20.0,41.07154083251953,1319922
2,1575,-20.0,42.98982095718384,1320845
2,1576,-20.0,42.728915214538574,1321745
2,1577,-20.0,38.87342929840088,1322577
2,1578,-20.0,38.87164831161499,1323391
2,1579,-20.0,35.64199924468994,1324185
2,1580,-20.0,37.50337743759155,1324989
2,1581,200.0,12.24938416481018,1325252
2,1582,-20.0,42.78161334991455,1326179
2,1583,-20.0,36.876410722732544,1326969
2,1584,-20.0,47.3389151096344,1328009
2,1585,-20.0,47.87606620788574,1329034
2,1586,-20.0,35.929078578948975,1329815
2,1587,-20.0,39.04971122741699,1330663
2,1588,-20.0,36.665536403656006,1331418
2,1589,-20.0,35.20896244049072,1332189
2,1590,-20.0,44.00713038444519,1333117
2,1591,-20.0,51.08214807510376,1334224
2,1592,-20.0,43.03060221672058,1335145
2,1593,-20.0,37.96810507774353,1335985
2,1594,-20.0,44.367846727371216,1336948
2,1595,-20.0,44.74754548072815,1337896
2,1596,-20.0,38.28474569320679,1338747
2,1597,200.0,35.33436131477356,1339491
2,1598,-20.0,50.85466194152832,1340612
2,1599,200.0,6.951590538024902,1340758
2,1600,-20.0,35.31152057647705,1341533
2,1601,-20.0,36.778284549713135,1342343
2,1602,-20.0,36.10239219665527,1343120
2,1603,-20.0,36.763991355895996,1343924
2,1604,-20.0,38.86762595176697,1344766
2,1605,-20.0,38.72033667564392,1345596
2,1606,-20.0,34.2877414226532,1346334
2,1607,-20.0,38.39921522140503,1347141
2,1608,-20.0,44.61214590072632,1348100
2,1609,-20.0,49.40074110031128,1349157
2,1610,-20.0,37.543468713760376,1349959
2,1611,-20.0,36.16926670074463,1350735
2,1612,-20.0,41.90085291862488,1351630
2,1613,-20.0,40.36340308189392,1352489
2,1614,-20.0,36.461119174957275,1353279
2,1615,-20.0,37.978066205978394,1354112
2,1616,-20.0,46.655882358551025,1355120
2,1617,-20.0,54.71453356742859,1356308
2,1618,-20.0,33.70263600349426,1357041
2,1619,-20.0,37.74953651428223,1357857
2,1620,-20.0,50.49274134635925,1358966
2,1621,-20.0,36.748921632766724,1359756
2,1622,-20.0,36.25923776626587,1360560
2,1623,-20.0,43.60038661956787,1361506
2,1624,-20.0,43.017640113830566,1362432
2,1625,-20.0,45.93971872329712,1363393
2,1626,-20.0,54.48178815841675,1364558
2,1627,-20.0,38.99894976615906,1365399
2,1628,-20.0,44.6601996421814,1366354
2,1629,-20.0,39.034141540527344,1367192
2,1630,-20.0,46.855814695358276,1368191
2,1631,-20.0,45.85911512374878,1369194
2,1632,-20.0,39.818536043167114,1370062
2,1633,-20.0,66.7983877658844,1371503
2,1634,-20.0,34.72024607658386,1372260
2,1635,-20.0,40.83989143371582,1373122
2,1636,-20.0,41.98141622543335,1374025
2,1637,-20.0,38.09040141105652,1374866
2,1638,-20.0,43.057252168655396,1375782
2,1639,-20.0,38.16962432861328,1376612
2,1640,-20.0,35.53294038772583,1377374
2,1641,-20.0,38.00304889678955,1378193
2,1642,-20.0,42.59289789199829,1379107
2,1643,-20.0,39.69903826713562,1379951
2,1644,-20.0,37.4294810295105,1380766
2,1645,-20.0,38.44213056564331,1381585
2,1646,-20.0,37.950827836990356,1382402
2,1647,-20.0,55.026864528656006,1383594
2,1648,200.0,2.7202858924865723,1383645
2,1649,200.0,28.22662854194641,1384240
2,1650,-20.0,42.5464870929718,1385144
2,1651,-20.0,41.796263456344604,1386041
2,1652,-20.0,43.71194314956665,1386986
2,1653,-20.0,45.27584409713745,1387958
2,1654,-20.0,43.59440994262695,1388908
2,1655,-20.0,38.72161936759949,1389724
2,1656,-20.0,46.779983043670654,1390726
2,1657,-20.0,39.17767643928528,1391566
2,1658,-20.0,42.69614362716675,1392500
2,1659,-20.0,40.405126333236694,1393329
2,1660,-20.0,43.934375524520874,1394266
2,1661,-20.0,36.15557885169983,1395048
2,1662,-20.0,44.64137101173401,1396003
2,1663,-20.0,38.726752042770386,1396847
2,1664,-20.0,44.26729083061218,1397793
2,1665,-20.0,47.584879636764526,1398832
2,1666,200.0,6.284186840057373,1398958
2,1667,-20.0,38.618244886398315,1399791
2,1668,-20.0,34.49575996398926,1400553
2,1669,-20.0,38.47050857543945,1401396
2,1670,-20.0,41.35191082954407,1402278
2,1671,-20.0,39.30308127403259,1403130
2,1672,-20.0,39.506133794784546,1403965
2,1673,-20.0,36.45213985443115,1404739
2,1674,-20.0,34.450196266174316,1405486
2,1675,-20.0,40.720269203186035,1406352
2,1676,-20.0,34.900619983673096,1407095
2,1677,-20.0,42.07956027984619,1408005
2,1678,-20.0,42.51503825187683,1408912
2,1679,-20.0,45.90609335899353,1409881
2,1680,-20.0,49.57280683517456,1410926
2,1681,-20.0,38.940093755722046,1411768
2,1682,-20.0,47.885333776474,1412792
2,1683,-20.0,44.694456815719604,1413759
2,1684,-20.0,48.60445189476013,1414769
2,1685,-20.0,41.402538537979126,1415660
2,1686,-20.0,37.31002187728882,1416452
2,1687,200.0,2.3033223152160645,1416494
2,1688,-20.0,39.34302568435669,1417330
2,1689,-20.0,35.560458183288574,1418102
2,1690,-20.0,45.682528018951416,1419076
2,1691,-20.0,35.60469698905945,1419851
2,1692,-20.0,47.73389387130737,1420876
2,1693,-20.0,40.346211671829224,1421739
2,1694,-20.0,35.87226057052612,1422491
2,1695,-20.0,36.55629086494446,1423300
2,1696,-20.0,39.59210991859436,1424154
2,1697,-20.0,38.87420845031738,1425004
2,1698,-20.0,47.794044971466064,1426014
2,1699,-20.0,54.23882269859314,1427150
2,1700,-20.0,43.06983184814453,1428057
2,1701,-20.0,37.41515564918518,1428864
2,1702,-20.0,40.250834226608276,1429724
2,1703,-20.0,39.406259536743164,1430580
2,1704,-20.0,49.99625110626221,1431655
2,1705,-20.0,47.66204810142517,1432693
2,1706,-20.0,38.04098105430603,1433512
2,1707,-20.0,33.58552098274231,1434252
2,1708,-20.0,36.72419500350952,1435039
2,1709,-20.0,40.56086301803589,1435913
2,1710,-20.0,35.712722301483154,1436663
2,1711,-20.0,34.957685232162476,1437441
2,1712,-20.0,36.631166219711304,1438241
2,1713,-20.0,35.31102180480957,1439008
2,1714,200.0,11.767887115478516,1439249
2,1715,-20.0,36.07910966873169,1439996
2,1716,-20.0,41.23068141937256,1440886
2,1717,-20.0,41.931910037994385,1441801
2,1718,-20.0,47.49855303764343,1442808
2,1719,-20.0,44.500792264938354,1443746
2,1720,-20.0,42.07503390312195,1444660
2,1721,-20.0,43.37283539772034,1445590
2,1722,-20.0,37.78888130187988,1446405
2,1723,-20.0,36.392529010772705,1447180
2,1724,-20.0,45.748608112335205,1448165
2,1725,-20.0,41.50266408920288,1449051
2,1726,-20.0,42.909690380096436,1449964
2,1727,-20.0,34.663623094558716,1450712
2,1728,-20.0,37.49018049240112,1451506
2,1729,-20.0,41.779635190963745,1452396
2,1730,-20.0,44.64777946472168,1453363
2,1731,-20.0,38.93310856819153,1454205
2,1732,-20.0,52.00509071350098,1455308
2,1733,-20.0,38.345906019210815,1456103
2,1734,-20.0,37.61918067932129,1456912
2,1735,-20.0,46.194636821746826,1457930
2,1736,-20.0,39.733107805252075,1458794
2,1737,-20.0,38.56697702407837,1459600
2,1738,-20.0,35.53658699989319,1460345
2,1739,-20.0,37.88730025291443,1461163
2,1740,-20.0,34.477384090423584,1461921
2,1741,-20.0,37.67220497131348,1462731
2,1742,-20.0,44.728405475616455,1463702
2,1743,200.0,2.7043075561523438,1463749
2,1744,200.0,2.895488977432251,1463795
2,1745,-20.0,40.45866799354553,1464668
2,1746,-20.0,42.00340962409973,1465566
2,1747,-20.0,37.84883522987366,1466383
2,1748,-20.0,39.07326412200928,1467230
2,1749,-20.0,34.00773549079895,1467997
2,1750,-20.0,38.32040786743164,1468822
2,1751,-20.0,38.068387269973755,1469636
2,1752,-20.0,41.2904486656189,1470513
2,1753,-20.0,37.66619420051575,1471310
2,1754,-20.0,49.178510427474976,1472330
2,1755,-20.0,37.66231060028076,1473129
2,1756,-20.0,35.243276834487915,1473887
2,1757,-20.0,37.98721385002136,1474702
2,1758,-20.0,39.38822269439697,1475555
2,1759,-20.0,38.60305428504944,1476396
2,1760,-20.0,36.157023191452026,1477193
2,1761,-20.0,41.10978102684021,1478047
2,1762,-20.0,35.370927810668945,1478830
2,1763,-20.0,46.623124837875366,1479823
2,1764,-20.0,33.938573122024536,1480557
2,1765,-20.0,42.685330867767334,1481499
2,1766,-20.0,37.480177879333496,1482299
2,1767,-20.0,37.25851058959961,1483089
2,1768,-20.0,38.138585567474365,1483929
2,1769,-20.0,42.751662492752075,1484831
2,1770,-20.0,43.97853231430054,1485745
2,1771,-20.0,46.027897357940674,1486725
2,1772,-20.0,43.323060512542725,1487633
2,1773,-20.0,47.036316871643066,1488653
2,1774,-20.0,42.53925561904907,1489563
2,1775,-20.0,41.498761892318726,1490472
2,1776,-20.0,37.83827066421509,1491269
2,1777,-20.0,44.88515639305115,1492230
2,1778,-20.0,38.845686197280884,1493071
2,1779,200.0,16.856667518615723,1493413
2,1780,-20.0,37.12082576751709,1494229
2,1781,-20.0,46.6295371055603,1495236
2,1782,-20.0,40.97998118400574,1496111
2,1783,-20.0,37.300238847732544,1496922
2,1784,-20.0,40.926244020462036,1497817
2,1785,200.0,5.273951530456543,1497920
2,1786,-20.0,40.60240840911865,1498802
2,1787,-20.0,44.117873430252075,1499749
2,1788,-20.0,42.61365342140198,1500642
2,1789,-20.0,40.876259088516235,1501525
2,1790,-20.0,46.88441252708435,1502541
2,1791,-20.0,34.95554780960083,1503296
2,1792,-20.0,37.94365954399109,1504106
2,1793,-20.0,38.51998996734619,1504926
2,1794,-20.0,38.63822293281555,1505755
2,1795,-20.0,41.931806325912476,1506660
2,1796,-20.0,40.070627212524414,1507507
2,1797,-20.0,44.40008783340454,1508471
2,1798,-20.0,47.50955510139465,1509500
2,1799,-20.0,40.07182955741882,1510344
2,1800,-20.0,37.68457651138306,1511157
2,1801,-20.0,40.408278942108154,1512033
2,1802,-20.0,38.42468285560608,1512862
2,1803,-20.0,43.67580795288086,1513810
2,1804,-20.0,35.8587863445282,1514595
2,1805,-20.0,37.14883208274841,1515374
2,1806,-20.0,39.20214033126831,1516191
2,1807,-20.0,50.35191369056702,1517267
2,1808,-20.0,38.560290575027466,1518079
2,1809,-20.0,35.07020902633667,1518836
2,1810,-20.0,55.055336713790894,1520018
2,1811,-20.0,38.18885016441345,1520835
2,1812,-20.0,36.8716197013855,1521624
2,1813,-20.0,40.255423069000244,1522502
2,1814,-20.0,44.331076860427856,1523451
2,1815,200.0,6.741024732589722,1523575
2,1816,-20.0,39.21309852600098,1524406
2,1817,200.0,11.81285285949707,1524652
2,1818,-20.0,37.554039001464844,1525485
2,1819,-20.0,34.84048390388489,1526229
2,1820,-20.0,42.06888246536255,1527138
2,1821,-20.0,47.69273638725281,1528175
2,1822,-20.0,51.14922571182251,1529278
2,1823,-20.0,38.00881099700928,1530098
2,1824,-20.0,38.68050670623779,1530926
2,1825,-20.0,41.761961698532104,1531818
2,1826,-20.0,39.58692264556885,1532665
2,1827,200.0,17.93405318260193,1533037
2,1828,-20.0,38.17194104194641,1533855
2,1829,-20.0,36.108922719955444,1534658
2,1830,-20.0,38.28399419784546,1535479
2,1831,-20.0,40.5374174118042,1536352
2,1832,-20.0,49.32808327674866,1537414
2,1833,-20.0,39.546064615249634,1538266
2,1834,-20.0,34.65655565261841,1539042
2,1835,-20.0,48.34190249443054,1540067
2,1836,-20.0,38.3068630695343,1540890
2,1837,-20.0,45.42738962173462,1541883
2,1838,200.0,13.953528642654419,1542171
2,1839,-20.0,38.66172814369202,1543029
2,1840,-20.0,37.96999931335449,1543839
2,1841,-20.0,42.2183141708374,1544765
2,1842,-20.0,49.03278303146362,1545819
2,1843,-20.0,38.8508985042572,1546641
2,1844,-20.0,38.15291881561279,1547475
2,1845,-20.0,34.51737642288208,1548241
2,1846,-20.0,36.097737312316895,1549026
2,1847,-20.0,48.748207569122314,1550091
2,1848,-20.0,41.27463459968567,1550994
2,1849,-20.0,40.94733691215515,1551877
2,1850,-20.0,37.82997703552246,1552687
2,1851,-20.0,44.52313852310181,1553625
2,1852,-20.0,37.85703706741333,1554419
2,1853,-20.0,39.23252630233765,1555258
2,1854,-20.0,46.49648594856262,1556269
2,1855,-20.0,40.116403579711914,1557137
2,1856,-20.0,48.71914529800415,1558195
2,1857,200.0,2.546910524368286,1558241
2,1858,-20.0,38.53623700141907,1559066
2,1859,200.0,12.883447408676147,1559344
2,1860,-20.0,35.013327836990356,1560117
2,1861,-20.0,39.97264075279236,1560986
2,1862,-20.0,35.52757787704468,1561758
2,1863,-20.0,44.60450291633606,1562705
2,1864,200.0,12.531181573867798,1562953
2,1865,-20.0,35.31922745704651,1563748
2,1866,-20.0,38.52849197387695,1564560
2,1867,-20.0,41.942036151885986,1565450
2,1868,-20.0,37.311275005340576,1566259
2,1869,-20.0,38.393553018569946,1567029
2,1870,-20.0,37.42028093338013,1567838
2,1871,-20.0,52.79954195022583,1568970
2,1872,-20.0,36.94557738304138,1569771
2,1873,-20.0,58.714252948760986,1571050
2,1874,200.0,5.0303120613098145,1571154
2,1875,-20.0,42.64731407165527,1572057
2,1876,-20.0,40.140953063964844,1572925
2,1877,-20.0,42.897812366485596,1573849
2,1878,-20.0,41.62418055534363,1574748
2,1879,-20.0,35.69171190261841,1575542
2,1880,-20.0,35.77624320983887,1576312
2,1881,-20.0,43.446218729019165,1577238
2,1882,-20.0,37.492491483688354,1578040
2,1883,-20.0,37.38487696647644,1578817
2,1884,-20.0,38.09284162521362,1579636
2,1885,-20.0,38.12679719924927,1580464
2,1886,200.0,7.410243034362793,1580607
2,1887,-20.0,40.58938980102539,1581459
2,1888,-20.0,33.32787871360779,1582189
2,1889,-20.0,39.9773530960083,1583062
2,1890,-20.0,35.29880475997925,1583836
2,1891,-20.0,39.24050760269165,1584677
2,1892,-20.0,35.6717643737793,1585437
2,1893,-20.0,45.86314415931702,1586426
2,1894,-20.0,38.63987183570862,1587237
2,1895,-20.0,43.64117407798767,1588169
2,1896,-20.0,46.44164991378784,1589183
2,1897,-20.0,38.1753351688385,1590000
2,1898,-20.0,49.47307848930359,1591050
2,1899,-20.0,45.77245116233826,1592021
2,1900,-20.0,38.783860206604004,1592869
2,1901,-20.0,47.804590463638306,1593917
2,1902,-20.0,37.00686955451965,1594705
2,1903,-20.0,49.88419198989868,1595777
2,1904,-20.0,41.60623788833618,1596662
2,1905,-20.0,38.95543432235718,1597500
2,1906,-20.0,37.88776636123657,1598314
2,1907,-20.0,35.00442671775818,1599062
2,1908,-20.0,36.413514852523804,1599826
2,1909,-20.0,62.5460422039032,1601156
2,1910,-20.0,39.94280552864075,1602001
2,1911,-20.0,40.20814108848572,1602833
2,1912,-20.0,47.75870132446289,1603852
2,1913,-20.0,39.441874265670776,1604705
2,1914,-20.0,46.719377517700195,1605698
2,1915,200.0,9.231992244720459,1605883
2,1916,-20.0,40.01509714126587,1606749
2,1917,-20.0,48.90291476249695,1607803
2,1918,-20.0,35.58663463592529,1608557
2,1919,-20.0,36.29274010658264,1609325
2,1920,-20.0,37.551196813583374,1610117
2,1921,-20.0,39.84087896347046,1610967
2,1922,200.0,17.644964933395386,1611344
2,1923,200.0,7.775189161300659,1611509
2,1924,-20.0,37.69877314567566,1612306
2,1925,-20.0,40.22284293174744,1613171
2,1926,-20.0,47.55014753341675,1614186
2,1927,-20.0,38.86824178695679,1615033
2,1928,-20.0,39.54340147972107,1615878
2,1929,-20.0,47.706552267074585,1616876
2,1930,-20.0,42.8935387134552,1617793
2,1931,-20.0,42.76537299156189,1618707
2,1932,-20.0,39.61867046356201,1619532
2,1933,-20.0,38.47608208656311,1620370
2,1934,-20.0,35.67615580558777,1621148
2,1935,-20.0,39.649558305740356,1622020
2,1936,-20.0,40.93616533279419,1622893
2,1937,-20.0,36.40255784988403,1623658
2,1938,-20.0,34.45316123962402,1624410
2,1939,-20.0,42.11604166030884,1625331
2,1940,-20.0,38.51134514808655,1626158
2,1941,-20.0,35.68666458129883,1626926
2,1942,-20.0,38.51163911819458,1627742
2,1943,-20.0,50.37119674682617,1628801
2,1944,-20.0,40.15915513038635,1629671
2,1945,-20.0,42.86110019683838,1630562
2,1946,-20.0,40.45720815658569,1631407
2,1947,-20.0,50.24437475204468,1632498
2,1948,-20.0,35.46125841140747,1633243
2,1949,-20.0,32.826117515563965,1633960
2,1950,-20.0,35.94321942329407,1634728
2,1951,-20.0,42.20032787322998,1635637
2,1952,-20.0,64.25420379638672,1637004
2,1953,-20.0,36.60550117492676,1637778
2,1954,-20.0,33.12351417541504,1638488
2,1955,-20.0,35.47224426269531,1639236
2,1956,-20.0,35.81271934509277,1640029
2,1957,-20.0,38.08940672874451,1640843
2,1958,-20.0,34.978564739227295,1641587
2,1959,-20.0,44.46703052520752,1642532
2,1960,-20.0,41.37250375747681,1643440
2,1961,-20.0,41.37169146537781,1644320
2,1962,-20.0,37.775458097457886,1645141
2,1963,-20.0,36.48449420928955,1645930
2,1964,-20.0,42.43057870864868,1646840
2,1965,-20.0,50.542338132858276,1647930
2,1966,-20.0,35.98456573486328,1648700
2,1967,-20.0,40.697592973709106,1649578
2,1968,-20.0,44.74115967750549,1650543
2,1969,-20.0,42.06482768058777,1651423
2,1970,-20.0,37.43186616897583,1652227
2,1971,-20.0,47.188594341278076,1653210
2,1972,-20.0,46.161139249801636,1654196
2,1973,-20.0,67.47953367233276,1655624
2,1974,-20.0,41.837119817733765,1656523
2,1975,-20.0,37.27251672744751,1657344
2,1976,-20.0,34.43976950645447,1658096
2,1977,-20.0,37.07028555870056,1658915
2,1978,-20.0,41.784791231155396,1659804
2,1979,-20.0,50.25346922874451,1660864
2,1980,-20.0,36.07356262207031,1661639
2,1981,-20.0,39.269652366638184,1662485
2,1982,-20.0,39.207558155059814,1663319
2,1983,-20.0,43.291619539260864,1664236
2,1984,200.0,2.9488165378570557,1664289
2,1985,200.0,16.723485946655273,1664603
2,1986,-20.0,50.36440134048462,1665689
2,1987,-20.0,46.19299292564392,1666680
2,1988,-20.0,44.006824254989624,1667621
2,1989,-20.0,37.88524842262268,1668427
2,1990,-20.0,43.935691356658936,1669375
2,1991,-20.0,40.24697184562683,1670242
2,1992,-20.0,38.02577447891235,1671051
2,1993,-20.0,43.51382040977478,1671992
2,1994,-20.0,42.18616509437561,1672888
2,1995,-20.0,45.52594757080078,1673850
2,1996,-20.0,37.66474509239197,1674648
2,1997,-20.0,36.52497911453247,1675427
2,1998,-20.0,45.77380728721619,1676423
2,1999,-20.0,39.94323801994324,1677281
2,2000,-20.0,48.13527798652649,1678315
2,2001,-20.0,41.93736553192139,1679219
2,2002,-20.0,37.0174286365509,1680009
2,2003,-20.0,40.54857397079468,1680870
2,2004,-20.0,46.60256600379944,1681852
2,2005,-20.0,57.947120666503906,1683083
2,2006,-20.0,50.16564989089966,1684157
2,2007,-20.0,40.6478168964386,1685022
2,2008,-20.0,39.08046841621399,1685856
2,2009,-20.0,37.02698040008545,1686625
2,2010,-20.0,41.35894751548767,1687486
2,2011,-20.0,43.27173924446106,1688416
2,2012,-20.0,35.37547063827515,1689179
2,2013,-20.0,47.896509408950806,1690195
2,2014,200.0,6.157381534576416,1690315
2,2015,-20.0,56.508086919784546,1691503
2,2016,-20.0,46.18539357185364,1692467
2,2017,-20.0,39.77783942222595,1693305
2,2018,-20.0,37.73315143585205,1694118
2,2019,-20.0,35.43915271759033,1694893
2,2020,200.0,11.825634956359863,1695131
2,2021,-20.0,40.90363597869873,1695998
2,2022,-20.0,43.44569444656372,1696944
2,2023,-20.0,37.429693937301636,1697747
2,2024,-20.0,42.52642107009888,1698632
2,2025,-20.0,49.56443953514099,1699689
2,2026,-20.0,36.19311285018921,1700456
2,2027,-20.0,35.821924686431885,1701210
2,2028,-20.0,37.8938524723053,1702018
2,2029,-20.0,43.21601939201355,1702941
2,2030,-20.0,41.81076192855835,1703837
2,2031,-20.0,47.13725447654724,1704842
2,2032,-20.0,41.85038232803345,1705743
2,2033,-20.0,39.80165195465088,1706563
2,2034,-20.0,53.028127908706665,1707727
2,2035,-20.0,47.94671869277954,1708764
2,2036,-20.0,50.12368440628052,1709811
2,2037,-20.0,41.03385806083679,1710702
2,2038,-20.0,44.928935289382935,1711678
2,2039,-20.0,44.7120521068573,1712621
2,2040,-20.0,36.40959692001343,1713392
2,2041,-20.0,42.47784423828125,1714261
2,2042,-20.0,42.81541347503662,1715193
2,2043,-20.0,38.105255365371704,1716009
2,2044,-20.0,36.513182163238525,1716768
2,2045,-20.0,52.4492621421814,1717860
2,2046,-20.0,41.40153956413269,1718725
2,2047,-20.0,39.00862431526184,1719561
2,2048,-20.0,36.05225205421448,1720342
2,2049,-20.0,43.519591331481934,1721286
2,2050,-20.0,40.780396938323975,1722178
2,2051,-20.0,37.099329233169556,1722982
2,2052,-20.0,38.50929594039917,1723801
2,2053,-20.0,39.45869016647339,1724667
2,2054,-20.0,46.17145252227783,1725645
2,2055,-20.0,41.28557848930359,1726518
2,2056,-20.0,37.671342849731445,1727298
2,2057,-20.0,41.719231843948364,1728193
2,2058,-20.0,50.564133405685425,1729300
2,2059,-20.0,40.52773666381836,1730150
2,2060,-20.0,64.53556227684021,1731551
2,2061,-20.0,35.64558124542236,1732331
2,2062,-20.0,43.028595209121704,1733260
2,2063,-20.0,35.41286516189575,1734013
2,2064,-20.0,35.635629177093506,1734773
2,2065,-20.0,47.093863010406494,1735806
2,2066,-20.0,39.58343029022217,1736653
2,2067,-20.0,42.001298904418945,1737530
2,2068,-20.0,43.614027976989746,1738467
2,2069,-20.0,34.47111916542053,1739213
2,2070,-20.0,57.413464069366455,1740449
2,2071,-20.0,36.3744261264801,1741222
2,2072,-20.0,36.467772483825684,1742011
2,2073,-20.0,39.57553482055664,1742869
2,2074,-20.0,33.63025617599487,1743581
2,2075,-20.0,44.0842502117157,1744546
2,2076,-20.0,36.71483111381531,1745333
2,2077,-20.0,37.99801468849182,1746121
2,2078,-20.0,46.067909479141235,1747100
2,2079,-20.0,38.987414598464966,1747942
2,2080,-20.0,50.92504000663757,1749042
2,2081,-20.0,39.79040336608887,1749896
2,2082,-20.0,44.139222383499146,1750828
2,2083,-20.0,49.93296813964844,1751905
2,2084,-20.0,39.077306270599365,1752709
2,2085,-20.0,38.992709159851074,1753545
2,2086,-20.0,37.40122580528259,1754333
2,2087,-20.0,45.24053239822388,1755333
2,2088,200.0,2.477475166320801,1755371
2,2089,-20.0,37.24296832084656,1756150
2,2090,-20.0,40.441630125045776,1757021
2,2091,-20.0,42.24268627166748,1757906
2,2092,-20.0,40.88919949531555,1758775
2,2093,200.0,7.0261454582214355,1758917
2,2094,-20.0,43.6356201171875,1759860
2,2095,-20.0,40.309877157211304,1760718
2,2096,-20.0,46.69885802268982,1761710
2,2097,-20.0,52.338117837905884,1762831
2,2098,-20.0,36.56393003463745,1763613
2,2099,-20.0,41.10855007171631,1764492
2,2100,-20.0,50.996707916259766,1765588
2,2101,-20.0,33.983320236206055,1766318
2,2102,-20.0,45.22289729118347,1767288
2,2103,-20.0,40.96748328208923,1768165
2,2104,-20.0,40.55765748023987,1769025
2,2105,200.0,23.853271007537842,1769517
2,2106,-20.0,39.95768475532532,1770338
2,2107,-20.0,37.529380559921265,1771137
2,2108,-20.0,41.9537787437439,1772030
2,2109,-20.0,42.38646173477173,1772942
2,2110,-20.0,45.2903254032135,1773899
2,2111,-20.0,38.60634660720825,1774709
2,2112,-20.0,42.207289934158325,1775610
2,2113,-20.0,39.204933643341064,1776456
2,2114,-20.0,35.14152002334595,1777214
2,2115,-20.0,41.120022773742676,1778098
2,2116,-20.0,41.54029846191406,1779001
2,2117,-20.0,41.61070513725281,1779862
2,2118,-20.0,36.06845808029175,1780652
2,2119,-20.0,43.2976291179657,1781585
2,2120,-20.0,35.02158713340759,1782337
2,2121,-20.0,52.31957125663757,1783459
2,2122,-20.0,42.93513512611389,1784378
2,2123,-20.0,38.24625325202942,1785180
2,2124,-20.0,39.955729246139526,1786036
2,2125,-20.0,39.224947452545166,1786856
2,2126,-20.0,36.78388786315918,1787626
2,2127,-20.0,36.57439470291138,1788386
2,2128,-20.0,37.795783042907715,1789198
2,2129,-20.0,46.20971918106079,1790152
2,2130,-20.0,41.3805513381958,1791029
2,2131,-20.0,35.03073287010193,1791774
2,2132,-20.0,37.00839018821716,1792555
2,2133,200.0,10.707595109939575,1792772
2,2134,-20.0,42.01643705368042,1793665
2,2135,-20.0,45.764352560043335,1794671
2,2136,-20.0,45.81983017921448,1795663
2,2137,-20.0,39.45200777053833,1796510
2,2138,200.0,6.053881645202637,1796639
2,2139,-20.0,38.54526162147522,1797479
2,2140,200.0,2.6843042373657227,1797524
2,2141,-20.0,48.01666879653931,1798537
2,2142,-20.0,42.853389739990234,1799440
2,2143,-20.0,43.9910888671875,1800366
2,2144,-20.0,41.933430194854736,1801270
2,2145,-20.0,40.155539751052856,1802115
2,2146,-20.0,38.12866568565369,1802925
2,2147,-20.0,52.6783242225647,1804014
2,2148,-20.0,39.3725688457489,1804864
2,2149,-20.0,36.604511976242065,1805636
2,2150,-20.0,34.37906885147095,1806393
2,2151,-20.0,43.23276233673096,1807325
2,2152,-20.0,37.245091676712036,1808121
2,2153,-20.0,53.5242874622345,1809278
2,2154,-20.0,43.80627655982971,1810213
2,2155,-20.0,36.12348294258118,1810991
2,2156,-20.0,35.1465060710907,1811726
2,2157,-20.0,35.8627142906189,1812508
2,2158,-20.0,33.868059396743774,1813249
2,2159,-20.0,50.994683265686035,1814357
2,2160,-20.0,42.879459619522095,1815297
2,2161,-20.0,37.86332678794861,1816108
2,2162,-20.0,37.00248169898987,1816921
2,2163,-20.0,40.682703495025635,1817787
2,2164,-20.0,37.360617876052856,1818599
2,2165,-20.0,35.1622633934021,1819330
2,2166,200.0,14.686603307723999,1819628
2,2167,200.0,12.838107585906982,1819893
2,2168,-20.0,38.35089445114136,1820719
2,2169,-20.0,39.211360692977905,1821566
2,2170,-20.0,37.774518728256226,1822376
2,2171,-20.0,33.420644998550415,1823071
2,2172,-20.0,37.471922159194946,1823871
2,2173,-20.0,46.09926104545593,1824858
2,2174,-20.0,41.96574687957764,1825736
2,2175,-20.0,42.179962396621704,1826635
2,2176,200.0,2.8056342601776123,1826682
2,2177,-20.0,38.895975828170776,1827516
2,2178,-20.0,47.13064908981323,1828502
2,2179,-20.0,37.669570207595825,1829307
2,2180,-20.0,37.43769097328186,1830113
2,2181,-20.0,52.18992280960083,1831220
2,2182,-20.0,41.10381555557251,1832084
2,2183,-20.0,34.65276217460632,1832846
2,2184,-20.0,38.235785722732544,1833666
2,2185,-20.0,39.81187605857849,1834524
2,2186,-20.0,42.666560888290405,1835445
2,2187,-20.0,41.08289408683777,1836332
2,2188,-20.0,44.97442054748535,1837299
2,2189,-20.0,33.777592182159424,1838020
2,2190,-20.0,42.42131972312927,1838930
2,2191,-20.0,40.09467077255249,1839786
2,2192,-20.0,50.744125843048096,1840880
2,2193,-20.0,42.92628526687622,1841758
2,2194,200.0,11.128365278244019,1841977
2,2195,-20.0,45.47703552246094,1842966
2,2196,-20.0,36.27831244468689,1843742
2,2197,-20.0,35.373699426651,1844480
2,2198,-20.0,39.08193278312683,1845289
2,2199,-20.0,35.130696535110474,1846042
2,2200,-20.0,48.57360219955444,1847100
2,2201,-20.0,39.02778077125549,1847926
2,2202,-20.0,38.870197057724,1848766
2,2203,-20.0,40.7854642868042,1849602
2,2204,-20.0,51.91402745246887,1850709
2,2205,-20.0,45.46505117416382,1851686
2,2206,-20.0,36.642531633377075,1852480
2,2207,-20.0,35.14298152923584,1853233
2,2208,-20.0,36.44595146179199,1854027
2,2209,-20.0,46.70039701461792,1855013
2,2210,-20.0,59.29197454452515,1856298
2,2211,-20.0,47.53519630432129,1857309
2,2212,-20.0,38.690237283706665,1858136
2,2213,-20.0,48.483176708221436,1859142
2,2214,-20.0,46.68646955490112,1860133
2,2215,-20.0,36.91015672683716,1860913
2,2216,-20.0,38.678378105163574,1861704
2,2217,-20.0,37.26111650466919,1862506
2,2218,-20.0,33.01978158950806,1863231
2,2219,-20.0,45.9714252948761,1864210
2,2220,-20.0,35.973005056381226,1864970
2,2221,-20.0,44.2938027381897,1865896
2,2222,-20.0,36.36345982551575,1866660
2,2223,-20.0,38.02645206451416,1867470
2,2224,-20.0,35.48258066177368,1868229
2,2225,-20.0,40.49305176734924,1869107
2,2226,-20.0,36.15173530578613,1869876
2,2227,200.0,31.20306706428528,1870553
2,2228,-20.0,35.10945177078247,1871293
2,2229,-20.0,35.93509840965271,1872061
2,2230,-20.0,39.745849609375,1872923
2,2231,-20.0,41.90362501144409,1873828
2,2232,-20.0,42.578970432281494,1874720
2,2233,-20.0,34.77820324897766,1875463
2,2234,-20.0,43.81187605857849,1876388
2,2235,-20.0,43.69411635398865,1877326
2,2236,-20.0,40.21034026145935,1878191
2,2237,-20.0,37.53186321258545,1878977
2,2238,-20.0,38.41966462135315,1879784
2,2239,-20.0,41.51047706604004,1880681
2,2240,-20.0,36.36523485183716,1881459
2,2241,-20.0,38.59524488449097,1882287
2,2242,-20.0,39.07770752906799,1883121
2,2243,-20.0,46.181150674819946,1884074
2,2244,-20.0,36.10938239097595,1884858
2,2245,-20.0,41.12494707107544,1885724
2,2246,-20.0,44.07396864891052,1886671
2,2247,-20.0,39.03044557571411,1887486
2,2248,-20.0,38.25067090988159,1888315
2,2249,-20.0,39.52961444854736,1889166
2,2250,-20.0,38.576393365859985,1889986
2,2251,200.0,13.29078722000122,1890240
2,2252,-20.0,35.173096656799316,1890988
2,2253,-20.0,44.122867584228516,1891928
2,2254,-20.0,36.2453498840332,1892686
2,2255,-20.0,39.648828983306885,1893539
2,2256,-20.0,45.18285250663757,1894465
2,2257,-20.0,49.53975582122803,1895541
2,2258,-20.0,48.16861152648926,1896549
2,2259,-20.0,48.96552658081055,1897582
2,2260,-20.0,43.95613479614258,1898523
2,2261,200.0,8.196664333343506,1898680
2,2262,-20.0,41.171616554260254,1899540
2,2263,-20.0,33.93060541152954,1900256
2,2264,-20.0,40.12502312660217,1901098
2,2265,-20.0,38.24311971664429,1901925
2,2266,-20.0,39.78533411026001,1902755
2,2267,-20.0,38.8327739238739,1903576
2,2268,-20.0,33.170358419418335,1904272
2,2269,-20.0,33.69763159751892,1905004
2,2270,-20.0,36.015090227127075,1905770
2,2271,200.0,18.796833753585815,1906153
2,2272,-20.0,34.444273471832275,1906890
2,2273,-20.0,46.65399098396301,1907896
2,2274,-20.0,42.6032440662384,1908802
2,2275,200.0,9.67264437675476,1908989
2,2276,-20.0,36.27060890197754,1909750
2,2277,-20.0,36.61896991729736,1910528
2,2278,-20.0,37.28456163406372,1911319
2,2279,-20.0,36.83692479133606,1912113
2,2280,-20.0,37.626235246658325,1912922
2,2281,-20.0,46.84933042526245,1913944
2,2282,-20.0,42.4206383228302,1914853
2,2283,-20.0,45.72336792945862,1915814
2,2284,-20.0,53.54372024536133,1916962
2,2285,-20.0,53.15042018890381,1918102
2,2286,-20.0,38.6213915348053,1918928
2,2287,-20.0,38.92773962020874,1919765
2,2288,-20.0,35.59550881385803,1920532
2,2289,-20.0,39.07461595535278,1921355
2,2290,-20.0,38.35022735595703,1922138
2,2291,-20.0,39.452327251434326,1922961
2,2292,-20.0,39.40666580200195,1923776
2,2293,-20.0,39.4144241809845,1924629
2,2294,-20.0,40.128392696380615,1925483
2,2295,200.0,2.692347288131714,1925530
2,2296,-20.0,35.981796979904175,1926293
2,2297,-20.0,38.35027503967285,1927124
2,2298,-20.0,46.651888847351074,1928101
2,2299,-20.0,46.542776346206665,1929088
2,2300,-20.0,45.924004316329956,1930060
2,2301,-20.0,37.43068265914917,1930842
2,2302,-20.0,40.63348078727722,1931699
2,2303,-20.0,40.370784282684326,1932558
2,2304,-20.0,54.19528269767761,1933693
2,2305,-20.0,41.88806366920471,1934591
2,2306,-20.0,43.95248746871948,1935497
2,2307,-20.0,42.76721811294556,1936390
2,2308,-20.0,33.398130655288696,1937121
2,2309,-20.0,35.8292121887207,1937910
2,2310,-20.0,38.857821226119995,1938763
2,2311,-20.0,43.862415075302124,1939663
2,2312,-20.0,47.12106776237488,1940662
2,2313,-20.0,35.60655975341797,1941421
2,2314,-20.0,38.4324312210083,1942252
2,2315,-20.0,37.99383234977722,1943044
2,2316,-20.0,38.714308977127075,1943880
2,2317,200.0,24.281815767288208,1944403
2,2318,-20.0,39.903231620788574,1945232
2,2319,-20.0,43.28724527359009,1946139
2,2320,-20.0,40.91448998451233,1947033
2,2321,-20.0,41.76201629638672,1947914
2,2322,-20.0,38.43042278289795,1948712
2,2323,-20.0,41.59431982040405,1949604
2,2324,-20.0,45.869054555892944,1950566
2,2325,200.0,2.5555551052093506,1950609
2,2326,200.0,12.346226215362549,1950865
2,2327,-20.0,47.4162073135376,1951911
2,2328,-20.0,37.810545444488525,1952730
2,2329,-20.0,37.05760645866394,1953535
2,2330,-20.0,41.17227482795715,1954430
2,2331,-20.0,45.95045495033264,1955389
2,2332,-20.0,39.661444902420044,1956211
2,2333,-20.0,42.76929521560669,1957129
2,2334,-20.0,41.46250081062317,1958018
2,2335,-20.0,48.87563228607178,1959071
2,2336,-20.0,38.25249671936035,1959891
2,2337,-20.0,37.62468934059143,1960683
2,2338,-20.0,38.55680823326111,1961486
2,2339,-20.0,43.18074345588684,1962411
2,2340,-20.0,43.66737771034241,1963330
2,2341,-20.0,36.64237713813782,1964092
2,2342,-20.0,37.195770502090454,1964892
2,2343,-20.0,40.87784266471863,1965764
2,2344,-20.0,37.36432385444641,1966568
2,2345,-20.0,39.21361756324768,1967402
2,2346,-20.0,38.657145977020264,1968215
2,2347,-20.0,44.573275327682495,1969154
2,2348,-20.0,44.38754606246948,1970089
2,2349,-20.0,37.40721297264099,1970909
2,2350,-20.0,37.14291834831238,1971699
2,2351,-20.0,40.21987342834473,1972561
2,2352,-20.0,44.47337889671326,1973529
2,2353,-20.0,35.331074237823486,1974295
2,2354,-20.0,37.435341358184814,1975105
2,2355,-20.0,38.12863779067993,1975931
2,2356,-20.0,43.26523542404175,1976836
2,2357,-20.0,39.34678840637207,1977656
2,2358,-20.0,37.745607137680054,1978472
2,2359,-20.0,37.469533920288086,1979249
2,2360,-20.0,38.051222801208496,1980046
2,2361,-20.0,40.17802715301514,1980881
2,2362,-20.0,40.33396911621094,1981757
2,2363,-20.0,39.90281844139099,1982595
2,2364,-20.0,61.30582094192505,1983900
2,2365,-20.0,43.282206296920776,1984806
2,2366,-20.0,41.24776339530945,1985659
2,2367,-20.0,37.727330684661865,1986474
2,2368,-20.0,44.051074266433716,1987426
2,2369,-20.0,41.61865568161011,1988321
2,2370,-20.0,38.50656867027283,1989148
2,2371,-20.0,38.63330292701721,1989959
2,2372,-20.0,43.14707350730896,1990880
2,2373,-20.0,36.22191405296326,1991636
2,2374,-20.0,37.38348889350891,1992443
2,2375,-20.0,39.38835048675537,1993275
2,2376,-20.0,37.32381868362427,1994066
2,2377,-20.0,45.254419565200806,1995008
2,2378,-20.0,46.15088510513306,1995994
2,2379,-20.0,39.13092112541199,1996844
2,2380,-20.0,36.6878080368042,1997638
2,2381,-20.0,37.562251329422,1998443
2,2382,-20.0,37.27479410171509,1999216
2,2383,-20.0,37.10918116569519,2000010
2,2384,-20.0,38.34112215042114,2000821
2,2385,-20.0,44.30611991882324,2001758
2,2386,-20.0,35.567988872528076,2002523
2,2387,-20.0,39.89942264556885,2003382
2,2388,-20.0,40.914560317993164,2004221
2,2389,-20.0,39.465474128723145,2005077
2,2390,-20.0,42.551403760910034,2006005
2,2391,200.0,7.956246614456177,2006160
2,2392,-20.0,36.816147565841675,2006954
2,2393,-20.0,38.85043931007385,2007789
2,2394,-20.0,38.210973501205444,2008609
2,2395,-20.0,32.59469795227051,2009322
2,2396,-20.0,36.63887691497803,2010080
2,2397,-20.0,40.180166244506836,2010954
2,2398,-20.0,35.104525566101074,2011700
2,2399,-20.0,39.919477701187134,2012526
2,2400,-20.0,36.24100947380066,2013296
2,2401,-20.0,37.949427366256714,2014104
2,2402,-20.0,40.988784313201904,2014957
2,2403,-20.0,50.412524938583374,2016034
2,2404,-20.0,43.894989252090454,2016980
2,2405,-20.0,48.98443579673767,2018025
2,2406,200.0,34.56920838356018,2018759
2,2407,-20.0,37.94731283187866,2019557
2,2408,-20.0,38.046430587768555,2020372
2,2409,-20.0,45.30050802230835,2021343
2,2410,-20.0,46.446789503097534,2022307
2,2411,-20.0,38.43764615058899,2023136
2,2412,-20.0,49.83351731300354,2024220
2,2413,-20.0,47.12891674041748,2025205
2,2414,-20.0,39.252981424331665,2026047
2,2415,-20.0,38.338229179382324,2026858
2,2416,-20.0,38.05500817298889,2027662
2,2417,-20.0,43.73082780838013,2028578
2,2418,-20.0,37.64196228981018,2029378
2,2419,-20.0,46.120322465896606,2030367
2,2420,-20.0,46.17135143280029,2031319
2,2421,-20.0,47.38149809837341,2032315
2,2422,-20.0,54.757136821746826,2033457
2,2423,-20.0,38.330145835876465,2034291
2,2424,-20.0,41.12029409408569,2035152
2,2425,-20.0,48.96347784996033,2036189
2,2426,-20.0,39.33942985534668,2037022
2,2427,-20.0,48.847535371780396,2038055
2,2428,-20.0,38.364755153656006,2038877
2,2429,-20.0,35.843621253967285,2039627
2,2430,-20.0,47.21472382545471,2040615
2,2431,-20.0,43.74440908432007,2041568
2,2432,-20.0,43.34521245956421,2042473
2,2433,-20.0,36.5366690158844,2043249
2,2434,-20.0,41.26223635673523,2044116
2,2435,-20.0,38.21194887161255,2044936
2,2436,-20.0,41.948981046676636,2045839
2,2437,-20.0,41.19160318374634,2046700
2,2438,-20.0,48.504846811294556,2047719
2,2439,-20.0,36.68097710609436,2048495
2,2440,-20.0,46.810803174972534,2049526
2,2441,-20.0,39.027501344680786,2050369
2,2442,-20.0,48.00055742263794,2051372
2,2443,-20.0,39.87385535240173,2052237
2,2444,-20.0,36.60503029823303,2052999
2,2445,-20.0,41.74759316444397,2053881
2,2446,-20.0,36.70687174797058,2054677
2,2447,-20.0,41.790910720825195,2055546
2,2448,-20.0,48.259005308151245,2056574
2,2449,-20.0,42.92190766334534,2057511
2,2450,-20.0,48.45285248756409,2058567
2,2451,-20.0,33.99169206619263,2059278
2,2452,-20.0,39.192678928375244,2060110
2,2453,-20.0,43.45218229293823,2061040
2,2454,-20.0,49.51138377189636,2062082
2,2455,-20.0,38.98970651626587,2062910
2,2456,200.0,3.0125155448913574,2062963
2,2457,-20.0,47.072882413864136,2063945
