2,1,-20.0,10.907079458236694,217
2,2,-20.0,40.28376054763794,1186
2,3,-20.0,51.25327944755554,2422
2,4,-20.0,36.29677057266235,3290
2,5,-20.0,35.70894980430603,4122
2,6,-20.0,34.24853873252869,4946
2,7,-20.0,51.92504620552063,6197
2,8,-20.0,34.25790238380432,7025
2,9,-20.0,32.89952349662781,7808
2,10,-20.0,36.250712394714355,8675
2,11,-20.0,41.267393350601196,9680
2,12,-20.0,47.92574882507324,10831
2,13,-20.0,22.845876693725586,11369
2,14,-20.0,28.443089246749878,12050
2,15,-20.0,22.48909616470337,12579
2,16,-20.0,20.453006982803345,13060
2,17,-20.0,13.258220672607422,13376
2,18,-20.0,31.07741951942444,14105
2,19,-20.0,23.07123064994812,14645
2,20,-20.0,23.66154170036316,15198
2,21,-20.0,34.09845781326294,16010
2,22,-20.0,22.305171966552734,16536
2,23,-20.0,27.269309520721436,17192
2,24,-20.0,29.05472469329834,17885
2,25,-20.0,30.915685176849365,18624
2,26,-20.0,22.749439239501953,19175
2,27,-20.0,24.03235149383545,19745
2,28,-20.0,35.550228118896484,20595
2,29,-20.0,29.032524347305298,21288
2,30,-20.0,25.376378536224365,21881
2,31,200.0,14.61489725112915,22227
2,32,-20.0,26.692851305007935,22842
2,33,-20.0,39.85717582702637,23794
2,34,-20.0,26.91414451599121,24430
2,35,-20.0,29.08712601661682,25120
2,36,-20.0,27.708757400512695,25774
2,37,-20.0,28.67606782913208,26458
2,38,-20.0,25.655076265335083,27073
2,39,-20.0,27.736040592193604,27726
2,40,-20.0,24.27712082862854,28305
2,41,-20.0,22.482506036758423,28846
2,42,-20.0,62.77983593940735,30359
2,43,0,101.87092685699463,32835
2,44,-20.0,8.242745637893677,33034
2,45,0,101.44966244697571,35526
2,46,200.0,4.97908091545105,35639
2,47,0,101.29030895233154,38129
2,48,200.0,2.130058765411377,38171
2,49,200.0,71.7069685459137,39930
2,50,0,101.58549952507019,42435
2,51,0,101.46918272972107,44934
2,52,0,101.58704257011414,47417
2,53,200.0,22.976741313934326,47968
2,54,0,101.24646878242493,50449
2,55,0,101.38837552070618,52916
2,56,0,101.37451148033142,55419
2,57,200.0,25.523067951202393,56043
2,58,200.0,37.12562942504883,56940
2,59,0,101.31991124153137,59433
2,60,0,101.58016180992126,61927
2,61,-20.0,35.05034518241882,62782
2,62,200.0,35.21779179573059,63628
2,63,0,101.3562068939209,66076
2,64,0,101.37741088867188,68575
2,65,200.0,24.525436878204346,69156
2,66,200.0,51.004496335983276,70386
2,67,200.0,6.061110258102417,70528
2,68,200.0,32.628801107406616,71325
2,69,200.0,14.460667848587036,71673
2,70,0,101.2581524848938,74132
2,71,200.0,7.817592144012451,74316
2,72,200.0,87.27974319458008,76370
2,73,200.0,80.76452946662903,78283
2,74,200.0,67.65204238891602,79916
2,75,200.0,16.112860202789307,80288
2,76,200.0,26.187983989715576,80912
2,77,200.0,29.89725375175476,81618
2,78,200.0,8.743084907531738,81826
2,79,200.0,62.49608111381531,83301
2,80,0,101.26455044746399,85698
2,81,200.0,32.71723175048828,86448
2,82,200.0,52.01394820213318,87697
2,83,200.0,19.618184566497803,88166
2,84,200.0,11.612783193588257,88434
2,85,200.0,25.737420320510864,89026
2,86,200.0,78.26346111297607,90878
2,87,200.0,17.352455615997314,91291
2,88,200.0,29.821922302246094,92014
2,89,200.0,76.8140344619751,93787
2,90,0,101.32570719718933,96167
2,91,200.0,20.28050971031189,96636
2,92,200.0,10.81746530532837,96885
2,93,200.0,2.35196590423584,96923
2,94,200.0,18.413511276245117,97369
2,95,200.0,51.24302935600281,98593
2,96,200.0,58.694199562072754,99947
2,97,200.0,3.169278860092163,100016
2,98,200.0,62.392630100250244,101479
2,99,200.0,62.87369918823242,102930
2,100,200.0,50.69422197341919,104139
2,101,200.0,72.80247855186462,105868
2,102,200.0,39.567909479141235,106802
2,103,0,101.24854016304016,109159
2,104,200.0,23.283483505249023,109698
2,105,200.0,45.9290132522583,110800
2,106,200.0,20.247804880142212,111270
2,107,200.0,51.20026969909668,112493
2,108,200.0,8.48994255065918,112695
2,109,200.0,16.313838243484497,113046
2,110,200.0,23.932148694992065,113598
2,111,200.0,2.1716761589050293,113636
2,112,200.0,19.415971517562866,114099
2,113,200.0,39.84122014045715,115032
2,114,200.0,61.46766901016235,116446
2,115,-20.0,66.78545498847961,118052
2,116,200.0,20.747323989868164,118531
2,117,200.0,39.207977294921875,119479
2,118,200.0,31.84172534942627,120237
2,119,200.0,26.8643639087677,120847
2,120,200.0,22.88577675819397,121375
2,121,200.0,41.39875030517578,122367
2,122,200.0,32.0280396938324,123117
2,123,200.0,55.39072060585022,124402
2,124,200.0,23.723788022994995,124955
2,125,200.0,15.731117010116577,125325
2,126,200.0,25.377918481826782,125927
2,127,200.0,38.299203634262085,126829
2,128,200.0,19.40052843093872,127271
2,129,200.0,17.596134662628174,127662
2,130,200.0,6.0372090339660645,127801
2,131,200.0,12.200193166732788,128071
2,132,200.0,53.358861684799194,129335
2,133,200.0,19.449563026428223,129794
2,134,200.0,15.924728870391846,130153
2,135,200.0,34.53204536437988,130932
2,136,200.0,14.715281009674072,131239
2,137,200.0,22.897363662719727,131751
2,138,200.0,17.3300998210907,132141
2,139,200.0,39.1618766784668,133050
2,140,200.0,11.63372802734375,133318
2,141,200.0,14.725764513015747,133653
2,142,200.0,34.976837158203125,134475
2,143,200.0,19.64576029777527,134935
2,144,200.0,10.984916925430298,135198
2,145,-20.0,46.86866855621338,136265
2,146,200.0,8.05210280418396,136435
2,147,200.0,8.307586669921875,136605
2,148,200.0,19.03899073600769,137021
2,149,200.0,16.71698808670044,137368
2,150,200.0,34.97014403343201,138204
2,151,200.0,32.98296332359314,138969
2,152,200.0,20.668415069580078,139453
2,153,200.0,12.965541362762451,139756
2,154,200.0,66.10697984695435,141275
2,155,200.0,24.974475145339966,141857
2,156,200.0,41.22765278816223,142773
2,157,200.0,22.15380358695984,143303
2,158,200.0,7.524181604385376,143468
2,159,200.0,44.81449913978577,144499
2,160,200.0,49.25368642807007,145628
2,161,200.0,13.272071838378906,145936
2,162,200.0,13.230838060379028,146255
2,163,200.0,9.356412410736084,146455
2,164,200.0,32.349284648895264,147190
2,165,200.0,8.510561466217041,147391
2,166,200.0,17.58179998397827,147774
2,167,200.0,27.846978425979614,148419
2,168,200.0,71.43033266067505,150076
2,169,200.0,5.850600481033325,150210
2,170,200.0,38.602832317352295,151082
2,171,200.0,13.26491403579712,151378
2,172,0,101.51950407028198,153740
2,173,200.0,15.155450582504272,154085
2,174,200.0,14.648411512374878,154426
2,175,200.0,15.081587076187134,154771
2,176,200.0,14.524893283843994,155113
2,177,200.0,34.87625694274902,155930
2,178,200.0,34.84893083572388,156741
2,179,200.0,50.62348389625549,157929
2,180,200.0,18.207012176513672,158348
2,181,200.0,14.675939798355103,158692
2,182,200.0,8.788940906524658,158900
2,183,200.0,31.373801231384277,159622
2,184,200.0,54.489076137542725,160914
2,185,200.0,40.814467430114746,161878
2,186,200.0,6.70102596282959,162021
2,187,200.0,55.12024784088135,163281
2,188,200.0,29.7383930683136,163964
2,189,200.0,20.24418354034424,164415
2,190,200.0,28.41226863861084,165067
2,191,200.0,28.02337098121643,165721
2,192,200.0,7.252007007598877,165892
2,193,200.0,29.492621421813965,166576
2,194,200.0,47.20773530006409,167686
2,195,200.0,17.366080284118652,168097
2,196,200.0,30.319241762161255,168831
2,197,200.0,21.463891744613647,169346
2,198,200.0,23.90293836593628,169895
2,199,200.0,23.51232600212097,170426
2,200,200.0,47.919583559036255,171535
2,201,200.0,8.505465269088745,171716
2,202,200.0,17.78172516822815,172110
2,203,200.0,46.05567717552185,173160
2,204,200.0,42.23248887062073,174124
2,205,200.0,10.569191932678223,174353
2,206,200.0,37.79486417770386,175218
2,207,200.0,19.223811149597168,175674
2,208,200.0,19.2101833820343,176086
2,209,200.0,38.96590518951416,176991
2,210,200.0,16.742651224136353,177367
2,211,200.0,29.847413539886475,178083
2,212,200.0,36.28718686103821,178913
2,213,200.0,26.59869647026062,179521
2,214,200.0,7.675650358200073,179669
2,215,200.0,19.184669971466064,180128
2,216,200.0,7.101501941680908,180282
2,217,200.0,31.329991817474365,180997
2,218,200.0,46.60759735107422,182038
2,219,200.0,28.86027979850769,182727
2,220,200.0,34.74873638153076,183548
2,221,200.0,20.622731685638428,184017
2,222,200.0,48.56158757209778,185164
2,223,200.0,12.348660469055176,185438
2,224,200.0,42.41442108154297,186393
2,225,200.0,8.970803260803223,186587
2,226,200.0,16.217209100723267,186948
2,227,200.0,14.763725519180298,187282
2,228,200.0,24.96349859237671,187870
2,229,200.0,27.241955280303955,188480
2,230,200.0,19.225184679031372,188914
2,231,200.0,16.756913661956787,189306
2,232,200.0,29.929593801498413,190025
2,233,200.0,29.437032222747803,190709
2,234,200.0,25.21441411972046,191299
2,235,200.0,34.257363080978394,192085
2,236,200.0,25.445125341415405,192664
2,237,200.0,11.798961400985718,192924
2,238,200.0,22.509766817092896,193452
2,239,200.0,16.328644037246704,193848
2,240,200.0,7.513058662414551,194009
2,241,200.0,22.546467542648315,194511
2,242,0,101.62855005264282,196812
2,243,200.0,71.70797276496887,198467
2,244,200.0,15.697634220123291,198841
2,245,200.0,19.623327016830444,199271
2,246,200.0,15.490362405776978,199612
2,247,200.0,6.850252389907837,199773
2,248,200.0,15.095222234725952,200114
2,249,200.0,9.178816556930542,200320
2,250,200.0,7.27900767326355,200471
2,251,200.0,24.834517002105713,201041
2,252,200.0,23.660945177078247,201577
2,253,200.0,24.1093647480011,202131
2,254,200.0,15.48674726486206,202456
2,255,200.0,13.087185144424438,202750
2,256,200.0,2.5538647174835205,202793
2,257,200.0,22.686485052108765,203305
2,258,200.0,22.56066131591797,203834
2,259,200.0,53.9470636844635,205127
2,260,200.0,15.31357216835022,205481
2,261,200.0,11.671476602554321,205739
2,262,200.0,18.56826400756836,206188
2,263,200.0,12.024292945861816,206462
2,264,200.0,24.731255054473877,207027
2,265,200.0,21.690197467803955,207501
2,266,200.0,9.784655332565308,207733
2,267,200.0,24.976550340652466,208270
2,268,200.0,36.083643198013306,209072
2,269,200.0,41.96161890029907,209998
2,270,200.0,2.372945785522461,210030
2,271,200.0,8.141221523284912,210222
2,272,200.0,34.19434595108032,210988
2,273,200.0,17.148503303527832,211390
2,274,200.0,35.01930356025696,212186
2,275,200.0,18.411237716674805,212602
2,276,200.0,21.427595853805542,213080
2,277,200.0,28.81231689453125,213735
2,278,200.0,25.33933925628662,214315
2,279,200.0,18.863438606262207,214752
2,280,200.0,9.142964363098145,214957
2,281,200.0,5.652814149856567,215085
2,282,-20.0,10.220286846160889,215327
2,283,200.0,16.254951238632202,215710
2,284,200.0,13.248978614807129,216008
2,285,200.0,10.335785865783691,216237
2,286,200.0,36.49493479728699,217066
2,287,200.0,2.5444517135620117,217118
2,288,200.0,31.184847354888916,217800
2,289,200.0,55.85055422782898,219064
2,290,200.0,11.78936243057251,219328
2,291,200.0,18.6135892868042,219756
2,292,200.0,20.40963840484619,220209
2,293,200.0,7.318469285964966,220352
2,294,200.0,15.719413757324219,220697
2,295,200.0,26.63326930999756,221287
2,296,200.0,28.621370792388916,221926
2,297,200.0,11.406880855560303,222187
2,298,200.0,31.749478578567505,222901
2,299,200.0,22.49289560317993,223411
2,300,200.0,23.949841737747192,223938
2,301,200.0,31.51220703125,224648
2,302,200.0,12.207410335540771,224927
2,303,200.0,19.612094163894653,225352
2,304,200.0,18.543949365615845,225748
2,305,200.0,13.473280191421509,226064
2,306,200.0,29.856630325317383,226729
2,307,200.0,20.247302532196045,227187
2,308,200.0,21.896281719207764,227669
2,309,200.0,18.258471488952637,228045
2,310,200.0,21.4267361164093,228532
2,311,200.0,14.13444209098816,228851
2,312,200.0,22.509397983551025,229342
2,313,200.0,31.091301918029785,230061
2,314,200.0,16.521042823791504,230422
2,315,200.0,4.385178804397583,230489
2,316,200.0,12.654726505279541,230768
2,317,200.0,14.060405492782593,231061
2,318,200.0,14.970129489898682,231385
2,319,200.0,36.3917396068573,232212
2,320,200.0,14.77000093460083,232536
2,321,200.0,25.794992685317993,233123
2,322,200.0,23.30320167541504,233641
2,323,200.0,9.724711179733276,233858
2,324,200.0,5.246358394622803,233963
2,325,200.0,33.85446763038635,234705
2,326,200.0,22.67945122718811,235204
2,327,200.0,34.22909092903137,235967
2,328,200.0,19.245342254638672,236389
2,329,200.0,29.716487646102905,237063
2,330,200.0,6.479114055633545,237180
2,331,200.0,8.545154571533203,237360
2,332,200.0,28.301374197006226,238001
2,333,200.0,6.708925247192383,238147
2,334,200.0,10.991113185882568,238389
2,335,200.0,24.927947282791138,238966
2,336,200.0,3.007797956466675,239030
2,337,200.0,5.212737321853638,239149
2,338,200.0,10.355989217758179,239354
2,339,200.0,17.1514630317688,239758
2,340,200.0,31.34480333328247,240464
2,341,200.0,26.23437786102295,241052
2,342,-20.0,49.77894306182861,242188
2,343,200.0,13.58794116973877,242490
2,344,200.0,31.31474494934082,243172
2,345,200.0,31.748830556869507,243882
2,346,200.0,21.681547164916992,244387
2,347,200.0,29.955204010009766,245069
2,348,200.0,25.38970637321472,245653
2,349,200.0,8.549882411956787,245827
2,350,200.0,14.093091487884521,246156
2,351,200.0,20.26164221763611,246584
2,352,200.0,23.323089122772217,247121
2,353,200.0,15.71007251739502,247472
2,354,200.0,13.323195934295654,247772
2,355,200.0,22.91606831550598,248310
2,356,200.0,10.395647287368774,248547
2,357,200.0,20.677412509918213,249016
2,358,200.0,25.409154891967773,249613
2,359,200.0,67.64580464363098,251146
2,360,200.0,33.413132429122925,251899
2,361,200.0,32.57905721664429,252642
2,362,200.0,4.206237554550171,252735
2,363,200.0,19.863978624343872,253186
2,364,200.0,17.217723846435547,253575
2,365,200.0,6.0720789432525635,253689
2,366,200.0,43.65254092216492,254703
2,367,200.0,6.083024501800537,254833
2,368,200.0,13.469062805175781,255137
2,369,200.0,20.051895141601562,255602
2,370,200.0,14.2645423412323,255910
2,371,200.0,27.659844160079956,256525
2,372,200.0,26.48713994026184,257103
2,373,200.0,21.229891538619995,257564
2,374,200.0,6.265549182891846,257676
2,375,200.0,13.980950117111206,258002
2,376,200.0,30.72774839401245,258724
2,377,200.0,18.66827702522278,259139
2,378,200.0,16.98154854774475,259507
2,379,200.0,16.13754916191101,259855
2,380,200.0,12.247969150543213,260125
2,381,200.0,27.658195734024048,260740
2,382,0,101.61829876899719,263012
2,383,200.0,52.2936577796936,264205
2,384,200.0,16.62877321243286,264576
2,385,200.0,36.919453382492065,265407
2,386,200.0,13.655750274658203,265689
2,387,200.0,21.23886513710022,266175
2,388,200.0,8.13224720954895,266344
2,389,200.0,14.658744812011719,266676
2,390,200.0,12.407397270202637,266954
2,391,200.0,14.376102447509766,267265
2,392,200.0,24.783358573913574,267828
2,393,200.0,21.259185552597046,268304
2,394,200.0,37.54893755912781,269135
2,395,200.0,18.420893669128418,269528
2,396,200.0,22.520241260528564,270045
2,397,200.0,19.571423768997192,270482
2,398,200.0,12.23432993888855,270763
2,399,200.0,43.48153901100159,271706
2,400,200.0,13.641436100006104,272003
2,401,200.0,16.954682111740112,272375
2,402,200.0,26.44994044303894,272958
2,403,200.0,29.33692765235901,273601
2,404,200.0,14.535657405853271,273918
2,405,200.0,16.136120319366455,274264
2,406,200.0,59.98573923110962,275610
2,407,200.0,37.15893507003784,276464
2,408,200.0,11.241907358169556,276694
2,409,200.0,23.983943223953247,277210
2,410,200.0,29.685859203338623,277869
2,411,200.0,17.385615348815918,278262
2,412,200.0,13.466216564178467,278568
2,413,200.0,2.16684627532959,278609
2,414,200.0,12.030842065811157,278861
2,415,200.0,21.697418928146362,279360
2,416,200.0,24.931502103805542,279911
2,417,200.0,8.523991346359253,280073
2,418,200.0,11.623305082321167,280326
2,419,200.0,2.4107038974761963,280367
2,420,200.0,22.73627209663391,280889
2,421,200.0,26.202760934829712,281496
2,422,200.0,11.229734659194946,281740
2,423,200.0,12.430290222167969,282022
2,424,200.0,25.229121923446655,282589
2,425,200.0,24.15827226638794,283134
2,426,200.0,17.3363254070282,283548
2,427,200.0,15.293264865875244,283894
2,428,200.0,10.439185380935669,284112
2,429,200.0,20.072256326675415,284579
2,430,200.0,17.133713960647583,284973
2,431,200.0,2.1565909385681152,285006
2,432,200.0,24.75847101211548,285590
2,433,200.0,17.194743156433105,285989
2,434,200.0,21.28173828125,286492
2,435,200.0,45.66817855834961,287507
2,436,200.0,27.286949157714844,288123
2,437,200.0,22.10872793197632,288607
2,438,200.0,10.371016025543213,288833
2,439,200.0,33.19583487510681,289583
2,440,200.0,19.42211389541626,290001
2,441,200.0,16.168206930160522,290349
2,442,200.0,19.39275050163269,290773
2,443,200.0,2.1582181453704834,290808
2,444,200.0,22.34900689125061,291279
2,445,200.0,49.97610902786255,292425
2,446,200.0,15.507522583007812,292773
2,447,200.0,20.279383182525635,293216
2,448,200.0,5.674072027206421,293346
2,449,200.0,4.414047002792358,293443
2,450,200.0,12.482692241668701,293722
2,451,200.0,76.13148355484009,295471
2,452,200.0,17.15006375312805,295842
2,453,200.0,17.58640694618225,296225
2,454,200.0,18.60058569908142,296635
2,455,200.0,17.974977493286133,297031
2,456,200.0,13.072923421859741,297335
2,457,200.0,15.30974268913269,297689
2,458,200.0,18.372316360473633,298095
2,459,200.0,11.858299970626831,298354
2,460,200.0,6.672592401504517,298499
2,461,200.0,20.904272317886353,298964
2,462,200.0,16.333839654922485,299325
2,463,200.0,15.946958780288696,299687
2,464,200.0,8.945291996002197,299886
2,465,200.0,16.11915373802185,300240
2,466,200.0,7.504464626312256,300415
2,467,200.0,18.03357696533203,300819
2,468,200.0,37.767903327941895,301672
2,469,200.0,26.04075288772583,302250
2,470,200.0,18.792370319366455,302644
2,471,200.0,14.710325241088867,302939
2,472,200.0,13.93999457359314,303244
2,473,200.0,8.119835376739502,303412
2,474,200.0,22.322128295898438,303932
2,475,200.0,23.347820043563843,304459
2,476,200.0,2.975620985031128,304513
2,477,200.0,15.091740131378174,304845
2,478,200.0,12.224549055099487,305119
2,479,200.0,36.29952001571655,305928
2,480,200.0,20.4416925907135,306376
2,481,200.0,31.99235963821411,307066
2,482,200.0,9.956625938415527,307272
2,483,200.0,20.43517541885376,307732
2,484,200.0,27.660401105880737,308355
2,485,200.0,14.061375856399536,308669
2,486,200.0,14.494939804077148,308987
2,487,200.0,14.905871391296387,309311
2,488,200.0,23.76306176185608,309808
2,489,200.0,65.86817646026611,311253
2,490,200.0,11.61853837966919,311509
2,491,200.0,31.147838830947876,312188
2,492,200.0,18.80528450012207,312613
2,493,200.0,29.548995971679688,313289
2,494,200.0,13.902404308319092,313616
2,495,200.0,20.839612007141113,314064
2,496,200.0,30.8044273853302,314767
2,497,200.0,29.144126892089844,315399
2,498,200.0,12.480151176452637,315661
2,499,200.0,25.74655294418335,316237
2,500,200.0,9.573135375976562,316443
2,501,200.0,21.72489047050476,316915
2,502,200.0,17.615605354309082,317301
2,503,200.0,13.537451028823853,317590
2,504,200.0,22.872856378555298,318083
2,505,200.0,17.976142644882202,318491
2,506,200.0,10.397727012634277,318725
2,507,200.0,12.057748079299927,319004
2,508,200.0,17.164062023162842,319367
2,509,200.0,21.74815011024475,319876
2,510,200.0,25.449050664901733,320479
2,511,200.0,14.109135389328003,320785
2,512,200.0,23.38808012008667,321325
2,513,200.0,34.925731897354126,322081
2,514,200.0,29.2659170627594,322765
2,515,200.0,30.72314453125,323461
2,516,200.0,31.356613397598267,324186
2,517,200.0,37.50790047645569,325043
2,518,200.0,21.91306209564209,325556
2,519,200.0,21.74762725830078,326065
2,520,200.0,13.914058923721313,326353
2,521,200.0,15.459611892700195,326695
2,522,200.0,10.176011085510254,326906
2,523,200.0,22.364052295684814,327415
2,524,200.0,21.489472150802612,327868
2,525,200.0,19.27056384086609,328291
2,526,200.0,12.024673461914062,328557
2,527,200.0,26.460105419158936,329153
2,528,200.0,17.754128456115723,329544
2,529,200.0,19.511471271514893,329985
2,530,200.0,23.726511240005493,330494
2,531,200.0,27.072916507720947,331089
2,532,200.0,15.944382667541504,331431
2,533,200.0,23.920203685760498,331991
2,534,200.0,66.92172884941101,333440
2,535,200.0,16.329275369644165,333790
2,536,200.0,21.75034213066101,334265
2,537,200.0,13.445293664932251,334567
2,538,200.0,21.487037181854248,335064
2,539,200.0,8.12886095046997,335251
2,540,200.0,17.660439252853394,335632
2,541,200.0,22.976100206375122,336157
2,542,200.0,29.13790011405945,336801
2,543,200.0,24.219558715820312,337349
2,544,200.0,11.433494091033936,337598
2,545,200.0,6.117442846298218,337739
2,546,200.0,12.70145058631897,338017
2,547,200.0,15.313924074172974,338365
2,548,200.0,16.9720675945282,338768
2,549,200.0,11.428230285644531,339009
2,550,200.0,9.773190021514893,339240
2,551,200.0,23.637084245681763,339763
2,552,0,101.68115043640137,342083
2,553,200.0,14.838469743728638,342417
2,554,200.0,16.561120986938477,342785
2,555,200.0,14.515846014022827,343092
2,556,200.0,14.491142511367798,343420
2,557,200.0,16.606056213378906,343777
2,558,200.0,14.908220767974854,344093
2,559,200.0,12.640040397644043,344374
2,560,200.0,12.717272758483887,344667
2,561,200.0,20.81206202507019,345140
2,562,200.0,20.831469774246216,345591
2,563,200.0,9.376482725143433,345806
2,564,200.0,27.585680723190308,346459
2,565,200.0,21.923388481140137,346967
2,566,200.0,26.40134286880493,347567
2,567,200.0,21.27647376060486,348048
2,568,200.0,11.207337379455566,348301
2,569,200.0,26.900002002716064,348896
2,570,200.0,27.91195559501648,349509
2,571,200.0,18.836954832077026,349910
2,572,-20.0,17.453559160232544,350270
2,573,200.0,5.073346138000488,350386
2,574,-20.0,17.98899221420288,350803
2,575,200.0,22.02604103088379,351282
2,576,200.0,26.341259241104126,351849
2,577,200.0,17.40611219406128,352249
2,578,200.0,30.193094491958618,352914
2,579,200.0,22.947256803512573,353439
2,580,200.0,16.961650133132935,353830
2,581,200.0,20.269917488098145,354288
2,582,200.0,31.527230262756348,354994
2,583,200.0,17.81009578704834,355392
2,584,200.0,15.384890079498291,355742
2,585,200.0,27.014990091323853,356346
2,586,200.0,17.032421588897705,356725
2,587,200.0,8.511188507080078,356900
2,588,200.0,25.497510194778442,357460
2,589,200.0,5.0749852657318115,357572
2,590,200.0,15.134368896484375,357905
2,591,200.0,23.14713191986084,358414
2,592,200.0,11.594386577606201,358670
2,593,200.0,23.983571529388428,359211
2,594,200.0,13.714877367019653,359522
2,595,200.0,21.135819673538208,359981
2,596,200.0,28.023440837860107,360607
2,597,200.0,23.110222101211548,361111
2,598,200.0,3.006345510482788,361169
2,599,200.0,26.215586185455322,361749
2,600,200.0,22.945783615112305,362275
2,601,200.0,17.78652334213257,362688
2,602,200.0,18.2229745388031,363067
2,603,200.0,16.99363088607788,363463
2,604,200.0,21.65611505508423,363948
2,605,200.0,36.91475701332092,364802
2,606,200.0,31.77832794189453,365506
2,607,200.0,19.615283250808716,365920
2,608,200.0,25.186063528060913,366483
2,609,200.0,13.087210893630981,366775
2,610,200.0,14.652712106704712,367074
2,611,200.0,17.961204290390015,367485
2,612,200.0,13.266592502593994,367772
2,613,200.0,17.765613079071045,368160
2,614,200.0,13.471574068069458,368470
2,615,200.0,13.311245441436768,368757
2,616,200.0,13.690714597702026,369071
2,617,200.0,20.541446447372437,369515
2,618,200.0,9.627161741256714,369721
2,619,200.0,24.513354778289795,370260
2,620,200.0,11.442624568939209,370511
2,621,200.0,15.15771746635437,370821
2,622,200.0,15.969074964523315,371174
2,623,200.0,18.40865707397461,371559
2,624,200.0,24.573893785476685,372116
2,625,200.0,63.80171227455139,373526
2,626,200.0,19.644766569137573,373959
2,627,200.0,11.842485427856445,374209
2,628,200.0,7.734405517578125,374365
2,629,200.0,3.8099637031555176,374442
2,630,200.0,8.564877271652222,374619
2,631,200.0,29.292943239212036,375305
2,632,200.0,12.287534713745117,375577
2,633,200.0,17.641558170318604,375959
2,634,200.0,21.25835919380188,376441
2,635,200.0,17.93400764465332,376835
2,636,200.0,15.93553900718689,377156
2,637,200.0,19.87485408782959,377604
2,638,200.0,20.30305027961731,378065
2,639,200.0,27.701683521270752,378675
2,640,200.0,63.08356261253357,380077
2,641,200.0,25.178280353546143,380669
2,642,200.0,2.18821120262146,380703
2,643,200.0,20.62626051902771,381150
2,644,200.0,17.640289306640625,381535
2,645,200.0,23.278001308441162,382069
2,646,200.0,2.1933963298797607,382113
2,647,200.0,27.92194962501526,382741
2,648,200.0,16.9126718044281,383106
2,649,200.0,20.05265712738037,383558
2,650,200.0,12.68540358543396,383815
2,651,200.0,36.96474099159241,384615
2,652,200.0,13.098468542098999,384917
2,653,200.0,15.715484380722046,385261
2,654,200.0,26.61670231819153,385854
2,655,200.0,32.94942021369934,386581
2,656,200.0,18.580559015274048,386987
2,657,200.0,34.08357763290405,387748
2,658,200.0,15.131589889526367,388086
2,659,200.0,29.16227912902832,388725
2,660,200.0,30.291749954223633,389402
2,661,200.0,12.620771646499634,389668
2,662,200.0,22.088224411010742,390148
2,663,200.0,19.83589458465576,390586
2,664,200.0,6.331892728805542,390724
2,665,200.0,12.253421306610107,390978
2,666,200.0,24.4271023273468,391531
2,667,200.0,15.37235403060913,391865
2,668,200.0,17.641929388046265,392243
2,669,200.0,29.146276235580444,392875
2,670,200.0,22.799989938735962,393371
2,671,200.0,18.58305263519287,393790
2,672,200.0,3.6130259037017822,393856
2,673,200.0,42.01842164993286,394775
2,674,200.0,38.16878867149353,395632
2,675,200.0,17.449689149856567,395999
2,676,200.0,29.856106758117676,396630
2,677,200.0,25.421062231063843,397212
2,678,200.0,23.402207136154175,397718
2,679,200.0,14.64978551864624,398046
2,680,200.0,21.701421976089478,398533
2,681,200.0,19.518696784973145,398935
2,682,200.0,10.608876466751099,399168
2,683,200.0,13.244068622589111,399424
2,684,200.0,28.122084140777588,400039
2,685,200.0,19.03217077255249,400480
2,686,200.0,42.15593338012695,401404
2,687,200.0,20.066153049468994,401856
2,688,200.0,12.037623643875122,402100
2,689,200.0,22.04727840423584,402575
2,690,200.0,12.64977765083313,402868
2,691,200.0,15.683132886886597,403216
2,692,200.0,8.1460599899292,403394
2,693,200.0,20.924378871917725,403860
2,694,200.0,15.141600847244263,404191
2,695,200.0,15.500633478164673,404520
2,696,200.0,13.49096131324768,404810
2,697,200.0,41.69793629646301,405760
2,698,200.0,15.3454749584198,406098
2,699,200.0,23.92587685585022,406641
2,700,200.0,13.08212685585022,406920
2,701,200.0,9.590948343276978,407136
2,702,200.0,10.43075680732727,407351
2,703,0,101.68383288383484,409425
2,704,200.0,17.420409679412842,409717
2,705,200.0,19.992456436157227,410074
2,706,200.0,24.801652431488037,410491
2,707,-20.0,19.88815927505493,410841
2,708,200.0,8.011809349060059,410980
2,709,200.0,15.324671268463135,411254
2,710,200.0,23.59488010406494,411681
2,711,200.0,16.369951009750366,411974
2,712,200.0,25.99743103981018,412430
2,713,200.0,21.85555601119995,412781
2,714,200.0,17.987239122390747,413099
2,715,200.0,8.748196363449097,413258
2,716,200.0,21.61370086669922,413632
2,717,200.0,7.867336750030518,413756
2,718,200.0,35.85641932487488,414375
2,719,200.0,16.343299865722656,414672
2,720,200.0,11.212889671325684,414862
2,721,200.0,32.734808683395386,415440
2,722,200.0,8.150564432144165,415581
2,723,200.0,9.783136367797852,415741
2,724,200.0,22.146328926086426,416139
2,725,200.0,16.35616660118103,416430
2,726,200.0,14.767750263214111,416676
2,727,200.0,10.424388885498047,416840
2,728,200.0,18.39757752418518,417169
2,729,200.0,36.280072927474976,417812
2,730,200.0,28.22129487991333,418327
2,731,200.0,19.87590265274048,418674
2,732,200.0,7.905923366546631,418800
2,733,200.0,18.194722890853882,419116
2,734,200.0,21.72872567176819,419487
2,735,200.0,10.249571084976196,419668
2,736,200.0,19.286341428756714,420000
2,737,200.0,15.10720181465149,420259
2,738,200.0,16.141884803771973,420538
2,739,200.0,4.809517860412598,420603
2,740,200.0,36.25009727478027,421259
2,741,200.0,21.934826374053955,421641
2,742,200.0,24.7710599899292,422060
2,743,200.0,17.156036138534546,422370
2,744,200.0,22.722293615341187,422793
2,745,200.0,12.276732444763184,422991
2,746,200.0,21.5233154296875,423364
2,747,200.0,18.20174264907837,423694
2,748,200.0,31.142185926437378,424249
2,749,200.0,24.353952646255493,424673
2,750,200.0,20.481961965560913,425040
2,751,200.0,14.071150541305542,425276
2,752,200.0,23.781578063964844,425687
2,753,200.0,5.852313041687012,425786
2,754,200.0,4.635669708251953,425852
2,755,200.0,29.62264919281006,426367
2,756,200.0,21.283713817596436,426748
2,757,200.0,2.1546342372894287,426780
2,758,200.0,11.194344997406006,426966
2,759,200.0,13.524293184280396,427208
2,760,200.0,12.846384525299072,427422
2,761,200.0,12.417680263519287,427629
2,762,200.0,3.7658472061157227,427677
2,763,200.0,20.6935076713562,427999
2,764,200.0,22.272220373153687,428384
2,765,200.0,25.426892042160034,428850
2,766,200.0,28.949146270751953,429355
2,767,200.0,30.981630563735962,429915
2,768,200.0,13.300908088684082,430164
2,769,200.0,27.872472047805786,430685
2,770,200.0,17.84544563293457,431027
2,771,200.0,20.26045250892639,431385
2,772,200.0,15.47035813331604,431650
2,773,200.0,3.587937593460083,431710
2,774,200.0,7.508143186569214,431828
2,775,200.0,4.812293291091919,431909
2,776,200.0,8.083848237991333,432044
2,777,200.0,10.983961343765259,432241
2,778,200.0,16.606157779693604,432522
2,779,200.0,19.60979437828064,432869
2,780,200.0,12.213828563690186,433067
2,781,200.0,7.515046119689941,433207
2,782,200.0,13.084815979003906,433427
2,783,200.0,19.059592485427856,433749
2,784,200.0,12.915154457092285,433990
2,785,200.0,36.34622311592102,434638
2,786,200.0,19.65546417236328,434973
2,787,200.0,19.252142906188965,435326
2,788,200.0,16.7584707736969,435629
2,789,200.0,19.180540561676025,435959
2,790,200.0,9.12953782081604,436125
2,791,200.0,24.747610330581665,436559
2,792,200.0,12.108926057815552,436769
2,793,200.0,29.938599586486816,437301
2,794,200.0,20.636584758758545,437682
2,795,-20.0,9.355403661727905,437828
2,796,200.0,14.005150079727173,438069
2,797,200.0,27.230225563049316,438570
2,798,200.0,32.57867097854614,439162
2,799,200.0,10.826075315475464,439358
2,800,200.0,25.005440950393677,439803
2,801,200.0,33.845635414123535,440414
2,802,200.0,15.92426872253418,440711
2,803,200.0,18.510164499282837,441038
2,804,200.0,22.56200075149536,441422
2,805,-20.0,9.050354242324829,441596
2,806,200.0,18.70121932029724,441911
2,807,200.0,20.942670345306396,442285
2,808,200.0,14.94484806060791,442539
2,809,200.0,10.805187225341797,442743
2,810,-20.0,44.42298340797424,443549
2,811,200.0,16.968586683273315,443864
2,812,200.0,21.6305730342865,444263
2,813,200.0,29.601740837097168,444812
2,814,200.0,11.674407243728638,445013
2,815,200.0,12.228678703308105,445218
2,816,200.0,8.333400964736938,445362
2,817,200.0,15.906921863555908,445649
2,818,200.0,38.9925000667572,446372
2,819,200.0,28.343808889389038,446873
2,820,0,101.29904317855835,448791
2,821,200.0,12.244657278060913,448993
2,822,200.0,11.04167127609253,449192
2,823,200.0,19.649617671966553,449527
2,824,200.0,12.51183557510376,449715
2,825,200.0,13.48256230354309,449942
2,826,200.0,21.894763469696045,450333
2,827,200.0,17.35073685646057,450640
2,828,200.0,8.97309398651123,450799
2,829,200.0,12.90552282333374,451025
2,830,200.0,11.645406246185303,451228
2,831,200.0,30.69006896018982,451768
2,832,200.0,22.89486598968506,452172
2,833,200.0,19.652859210968018,452544
2,834,200.0,22.36946678161621,452924
2,835,200.0,22.915473222732544,453337
2,836,200.0,14.109220504760742,453576
2,837,200.0,15.337541103363037,453850
2,838,200.0,17.55025053024292,454168
2,839,200.0,26.993070602416992,454634
2,840,200.0,21.494175910949707,455005
2,841,200.0,14.313724994659424,455273
2,842,200.0,47.21822142601013,456079
2,843,200.0,11.376987218856812,456282
2,844,200.0,5.221691608428955,456374
2,845,200.0,12.648595333099365,456594
2,846,200.0,12.251880407333374,456810
2,847,200.0,12.0504469871521,457011
2,848,200.0,2.3853094577789307,457040
2,849,200.0,7.525776147842407,457175
2,850,200.0,19.021120309829712,457509
2,851,200.0,20.68233823776245,457884
2,852,-20.0,10.2670259475708,458055
2,853,200.0,21.532564878463745,458452
2,854,200.0,14.510457992553711,458711
2,855,200.0,27.236889362335205,459211
2,856,200.0,10.424402713775635,459387
2,857,200.0,14.989585161209106,459666
2,858,200.0,16.3739070892334,459959
2,859,200.0,28.575880765914917,460451
2,860,200.0,17.210386753082275,460749
2,861,200.0,7.071978807449341,460858
2,862,200.0,23.338691234588623,461278
2,863,200.0,25.84650683403015,461730
2,864,200.0,14.356903791427612,461973
2,865,200.0,11.020464181900024,462151
2,866,200.0,17.402333974838257,462455
2,867,200.0,23.773470640182495,462865
2,868,200.0,14.520005941390991,463119
2,869,200.0,30.569220542907715,463652
2,870,200.0,18.59428071975708,463972
2,871,200.0,16.568074226379395,464259
2,872,200.0,14.48474645614624,464526
2,873,200.0,58.51140832901001,465607
2,874,200.0,13.467310428619385,465832
2,875,200.0,13.22558045387268,466073
2,876,200.0,57.63718843460083,467127
2,877,200.0,18.439053297042847,467453
2,878,200.0,13.27266550064087,467683
2,879,200.0,21.106621980667114,468048
2,880,200.0,35.617534160614014,468700
2,881,200.0,12.641754388809204,468916
2,882,200.0,11.815623044967651,469125
2,883,200.0,21.747904062271118,469494
2,884,200.0,10.63576340675354,469656
2,885,200.0,13.104532718658447,469896
2,886,200.0,5.844802141189575,470001
2,887,200.0,10.410036325454712,470166
2,888,200.0,8.52860426902771,470315
2,889,200.0,22.5081524848938,470709
2,890,200.0,12.594672441482544,470943
2,891,200.0,22.482191562652588,471342
2,892,200.0,15.876596212387085,471615
2,893,200.0,16.133334398269653,471893
2,894,200.0,20.844809770584106,472246
2,895,200.0,9.19143033027649,472405
2,896,200.0,33.10159134864807,472996
2,897,200.0,20.487867832183838,473362
2,898,200.0,14.480223417282104,473627
2,899,200.0,7.91100811958313,473741
2,900,200.0,12.433053731918335,473955
2,901,200.0,46.65008354187012,474782
2,902,200.0,6.918638229370117,474902
2,903,200.0,13.058059215545654,475130
2,904,200.0,18.810086011886597,475462
2,905,200.0,17.771376132965088,475775
2,906,200.0,19.261645078659058,476122
2,907,200.0,18.197107553482056,476447
2,908,200.0,27.023446321487427,476921
2,909,200.0,8.680797815322876,477064
2,910,200.0,23.438658237457275,477471
2,911,200.0,54.03102660179138,478402
2,912,200.0,18.00865077972412,478721
2,913,-20.0,12.622653484344482,478944
2,914,200.0,11.808383226394653,479137
2,915,200.0,14.24525260925293,479411
2,916,200.0,28.82564401626587,479919
2,917,200.0,15.311720848083496,480180
2,918,200.0,15.94840931892395,480458
2,919,200.0,26.264832735061646,480926
2,920,200.0,14.893368005752563,481188
2,921,200.0,16.386459350585938,481491
2,922,200.0,25.425962448120117,481940
2,923,200.0,15.938307046890259,482200
2,924,200.0,26.350641012191772,482673
2,925,200.0,16.184344053268433,482957
2,926,200.0,19.45162534713745,483303
2,927,200.0,13.639804601669312,483542
2,928,200.0,22.49405550956726,483951
2,929,200.0,40.730369567871094,484666
2,930,200.0,20.672340154647827,485023
2,931,200.0,12.67936658859253,485243
2,932,200.0,28.37331771850586,485744
2,933,200.0,20.861677169799805,486106
2,934,200.0,30.325252771377563,486648
2,935,200.0,18.454832553863525,486971
2,936,200.0,28.945494413375854,487473
2,937,200.0,20.88270401954651,487836
2,938,200.0,7.446704387664795,487963
2,939,200.0,16.35992121696472,488247
2,940,200.0,18.029155254364014,488564
2,941,200.0,12.901164293289185,488793
2,942,200.0,32.80896854400635,489372
2,943,200.0,16.15013098716736,489640
2,944,200.0,16.977770566940308,489940
2,945,200.0,13.732460498809814,490183
2,946,200.0,10.37382435798645,490364
2,947,200.0,9.793994188308716,490531
2,948,200.0,24.0106418132782,490952
2,949,200.0,22.158438205718994,491342
2,950,200.0,15.115450620651245,491618
2,951,200.0,16.34782123565674,491890
2,952,200.0,25.413562536239624,492348
2,953,200.0,16.759745121002197,492647
2,954,200.0,14.909641742706299,492882
2,955,200.0,33.0414457321167,493461
2,956,200.0,27.001213550567627,493935
2,957,-20.0,64.882559299469,495106
2,958,200.0,11.484330892562866,495299
2,959,200.0,4.004330158233643,495352
2,960,200.0,11.994628667831421,495552
2,961,200.0,25.230313777923584,496017
2,962,200.0,2.9776105880737305,496062
2,963,200.0,27.295283555984497,496543
2,964,200.0,18.851894855499268,496866
2,965,200.0,12.196659088134766,497074
2,966,-20.0,32.586867809295654,497664
2,967,200.0,5.910247802734375,497772
2,968,200.0,19.724939107894897,498132
2,969,200.0,19.39539074897766,498476
2,970,200.0,25.421281814575195,498914
2,971,200.0,19.437395572662354,499275
2,972,200.0,11.469954013824463,499460
2,973,200.0,21.318827390670776,499852
2,974,200.0,16.56272840499878,500134
2,975,200.0,9.348447322845459,500303
2,976,200.0,38.40347623825073,500995
2,977,200.0,19.008708477020264,501330
2,978,200.0,21.483705520629883,501717
2,979,200.0,22.34580707550049,502110
2,980,200.0,27.160834550857544,502596
2,981,200.0,11.984537363052368,502793
2,982,200.0,14.284928560256958,503049
2,983,200.0,6.905170202255249,503172
2,984,200.0,12.277490377426147,503382
2,985,200.0,18.81340789794922,503702
2,986,200.0,24.777568340301514,504156
2,987,200.0,11.58163833618164,504344
2,988,200.0,20.316133975982666,504719
2,989,200.0,48.696608781814575,505628
2,990,200.0,25.381871938705444,506092
2,991,200.0,8.129388570785522,506230
2,992,200.0,15.547927618026733,506502
2,993,200.0,47.15401768684387,507345
2,994,200.0,12.399229049682617,507562
2,995,200.0,4.01742148399353,507630
2,996,200.0,23.502771139144897,508055
2,997,200.0,13.27162480354309,508275
2,998,200.0,14.709649085998535,508528
2,999,200.0,27.459095001220703,509031
2,1000,200.0,19.05452275276184,509361
2,1001,-20.0,12.180496215820312,509562
2,1002,200.0,17.461726427078247,509877
2,1003,200.0,26.641002655029297,510359
2,1004,200.0,16.619943141937256,510634
2,1005,200.0,46.639564037323,511466
2,1006,200.0,12.4154212474823,511680
2,1007,200.0,14.088857412338257,511917
2,1008,200.0,16.976882934570312,512213
2,1009,200.0,24.71280074119568,512628
2,1010,200.0,25.180574417114258,513067
2,1011,200.0,26.36990737915039,513507
2,1012,200.0,28.07651448249817,514020
2,1013,200.0,9.759445667266846,514184
2,1014,200.0,26.615479946136475,514684
2,1015,200.0,16.80888533592224,514988
2,1016,200.0,21.467313051223755,515361
2,1017,200.0,40.05980443954468,516057
2,1018,200.0,30.47854995727539,516589
2,1019,200.0,19.048162937164307,516943
2,1020,200.0,16.569011211395264,517216
2,1021,200.0,25.364272594451904,517675
2,1022,200.0,16.559154987335205,517970
2,1023,200.0,12.83893346786499,518180
2,1024,200.0,3.202688217163086,518231
2,1025,200.0,26.39601755142212,518686
2,1026,200.0,23.744930505752563,519117
2,1027,200.0,7.330206871032715,519228
2,1028,200.0,25.55075740814209,519670
2,1029,200.0,24.774593830108643,520120
2,1030,200.0,9.97365689277649,520289
2,1031,200.0,10.639305591583252,520466
2,1032,200.0,14.504976511001587,520734
2,1033,200.0,40.00569009780884,521457
2,1034,200.0,10.387367725372314,521625
2,1035,200.0,6.275097608566284,521733
2,1036,200.0,13.48632287979126,521969
2,1037,200.0,49.148537158966064,522869
2,1038,200.0,21.503478527069092,523247
2,1039,200.0,21.086901426315308,523620
2,1040,200.0,17.56379985809326,523932
2,1041,200.0,34.27666687965393,524550
2,1042,200.0,13.904470682144165,524795
2,1043,200.0,23.56249737739563,525221
2,1044,200.0,21.756494522094727,525616
2,1045,200.0,16.48087453842163,525924
2,1046,200.0,26.251250505447388,526396
2,1047,200.0,23.75847053527832,526813
2,1048,200.0,2.176208972930908,526827
2,1049,200.0,16.153456211090088,527125
2,1050,-20.0,38.11739802360535,527799
2,1051,200.0,56.14418888092041,528801
2,1052,-20.0,13.26451301574707,529035
2,1053,200.0,15.730241775512695,529293
2,1054,200.0,13.532261610031128,529511
2,1055,200.0,9.591185092926025,529670
2,1056,200.0,10.405364990234375,529841
2,1057,200.0,15.717724084854126,530123
2,1058,200.0,14.060158491134644,530361
2,1059,200.0,24.21903419494629,530779
2,1060,200.0,19.393028259277344,531134
2,1061,200.0,20.65161919593811,531490
2,1062,200.0,20.693722009658813,531871
2,1063,200.0,14.736264705657959,532114
2,1064,200.0,20.726426601409912,532493
2,1065,200.0,15.76326298713684,532759
2,1066,200.0,26.7156081199646,533215
2,1067,200.0,18.824913501739502,533529
2,1068,200.0,34.802497148513794,534148
2,1069,200.0,5.035045146942139,534228
2,1070,200.0,25.199774980545044,534663
2,1071,200.0,25.1103298664093,535099
2,1072,200.0,45.820244789123535,535928
2,1073,200.0,16.160423755645752,536193
2,1074,200.0,11.113664150238037,536394
2,1075,200.0,13.294994115829468,536625
2,1076,200.0,15.512000560760498,536911
2,1077,200.0,12.651875495910645,537118
2,1078,200.0,9.36771845817566,537290
2,1079,200.0,17.996802806854248,537623
2,1080,200.0,13.8543221950531,537853
2,1081,-20.0,8.537737846374512,538001
2,1082,200.0,5.8223161697387695,538093
2,1083,200.0,17.810797452926636,538388
2,1084,200.0,14.873966455459595,538658
2,1085,200.0,13.931835651397705,538902
2,1086,200.0,7.742190361022949,539035
2,1087,200.0,16.1748104095459,539315
2,1088,200.0,23.760361194610596,539735
2,1089,200.0,74.17353463172913,541068
2,1090,200.0,8.077261686325073,541194
2,1091,200.0,11.414580583572388,541392
2,1092,200.0,32.44249510765076,541984
2,1093,200.0,19.876795530319214,542336
2,1094,200.0,19.864202976226807,542689
2,1095,200.0,12.245195150375366,542910
2,1096,200.0,15.490171909332275,543179
2,1097,200.0,12.20651888847351,543406
2,1098,200.0,34.8779091835022,544020
2,1099,-20.0,8.731763362884521,544175
2,1100,200.0,15.846018314361572,544453
2,1101,200.0,20.254962921142578,544805
2,1102,200.0,10.841666460037231,544989
2,1103,200.0,16.33174991607666,545273
2,1104,200.0,13.692721843719482,545512
2,1105,200.0,9.384047269821167,545671
2,1106,200.0,24.018837928771973,546087
2,1107,200.0,14.085908651351929,546334
2,1108,200.0,15.545316457748413,546609
2,1109,200.0,20.69708800315857,546978
2,1110,200.0,15.154181957244873,547248
2,1111,200.0,10.60100269317627,547439
2,1112,200.0,12.894565105438232,547665
2,1113,200.0,19.234987020492554,548013
2,1114,200.0,13.461711883544922,548245
2,1115,200.0,16.137065649032593,548534
2,1116,200.0,13.044146537780762,548748
2,1117,200.0,9.162980318069458,548893
2,1118,200.0,42.027533769607544,549670
2,1119,200.0,7.49726414680481,549787
2,1120,200.0,14.282137155532837,550026
2,1121,200.0,16.376083850860596,550312
2,1122,200.0,19.03140163421631,550647
2,1123,200.0,33.015984773635864,551243
2,1124,200.0,22.97594118118286,551646
2,1125,200.0,28.32691740989685,552177
2,1126,200.0,17.822733640670776,552476
2,1127,200.0,19.447609663009644,552824
2,1128,200.0,16.56360149383545,553103
2,1129,200.0,13.714049816131592,553313
2,1130,200.0,25.27669668197632,553762
2,1131,200.0,30.551159620285034,554284
2,1132,200.0,17.76446557044983,554594
2,1133,200.0,15.305348873138428,554856
2,1134,200.0,18.84866499900818,555169
2,1135,200.0,9.384451866149902,555331
2,1136,200.0,26.17909526824951,555823
2,1137,200.0,6.244678258895874,555914
2,1138,200.0,21.895933151245117,556310
2,1139,200.0,9.127746343612671,556468
2,1140,200.0,19.442618370056152,556799
2,1141,200.0,25.25179648399353,557272
2,1142,200.0,10.615909576416016,557442
2,1143,200.0,26.99043560028076,557915
2,1144,200.0,13.511761903762817,558163
2,1145,200.0,11.198330163955688,558375
2,1146,200.0,32.67341208457947,558955
2,1147,200.0,23.545530557632446,559372
2,1148,200.0,19.458589553833008,559728
2,1149,200.0,15.32908010482788,559999
2,1150,200.0,20.395551204681396,560348
2,1151,200.0,12.827723979949951,560587
2,1152,200.0,16.15815830230713,560855
2,1153,200.0,5.6128880977630615,560935
2,1154,200.0,24.809606313705444,561385
2,1155,200.0,20.690160036087036,561740
2,1156,200.0,20.24323558807373,562098
2,1157,200.0,17.99991774559021,562428
2,1158,200.0,14.336711883544922,562662
2,1159,200.0,25.98321294784546,563124
2,1160,200.0,19.4510555267334,563481
2,1161,200.0,14.897587776184082,563722
2,1162,200.0,22.54440474510193,564124
2,1163,200.0,12.037322759628296,564345
2,1164,200.0,31.416093826293945,564940
2,1165,200.0,9.537958145141602,565106
2,1166,200.0,4.432298898696899,565183
2,1167,200.0,13.104488134384155,565413
2,1168,200.0,31.766924142837524,565983
2,1169,200.0,16.789371252059937,566252
2,1170,200.0,28.30772590637207,566751
2,1171,200.0,26.043208122253418,567206
2,1172,200.0,12.836367130279541,567432
2,1173,200.0,10.802310228347778,567597
2,1174,200.0,20.303927421569824,567964
2,1175,200.0,17.9920916557312,568282
2,1176,200.0,48.62057948112488,569126
2,1177,200.0,8.382234334945679,569266
2,1178,200.0,26.924195289611816,569750
2,1179,200.0,24.651973009109497,570189
2,1180,200.0,20.04192066192627,570558
2,1181,200.0,9.987377405166626,570733
2,1182,200.0,6.679203748703003,570834
2,1183,200.0,34.81241703033447,571449
2,1184,200.0,38.66575479507446,572125
2,1185,200.0,19.527602672576904,572458
2,1186,200.0,10.793757677078247,572650
2,1187,200.0,20.471669673919678,573007
2,1188,200.0,13.473803043365479,573225
2,1189,200.0,8.133848190307617,573372
2,1190,200.0,14.286837339401245,573622
2,1191,200.0,28.49396586418152,574138
2,1192,200.0,18.81640100479126,574477
2,1193,200.0,23.063352823257446,574863
2,1194,200.0,62.7805860042572,575975
2,1195,200.0,28.94304370880127,576455
2,1196,200.0,10.219947814941406,576637
2,1197,200.0,9.982535600662231,576793
2,1198,200.0,13.65775728225708,577034
2,1199,200.0,46.850239753723145,577861
2,1200,200.0,15.086658477783203,578140
2,1201,200.0,4.641880512237549,578208
2,1202,200.0,6.499048233032227,578321
2,1203,200.0,21.04196333885193,578685
2,1204,200.0,15.128308534622192,578953
2,1205,200.0,28.579359769821167,579459
2,1206,200.0,22.35266876220703,579861
2,1207,200.0,17.966875553131104,580186
2,1208,200.0,41.39017081260681,580925
2,1209,200.0,19.471978664398193,581265
2,1210,200.0,50.9403874874115,582166
2,1211,200.0,21.513612508773804,582563
2,1212,200.0,26.846068859100342,583001
2,1213,200.0,11.179435014724731,583210
2,1214,200.0,13.500820875167847,583437
2,1215,200.0,14.305509328842163,583700
2,1216,200.0,13.92206072807312,583933
2,1217,200.0,22.753259420394897,584311
2,1218,200.0,19.465651273727417,584669
2,1219,200.0,15.948445558547974,584938
2,1220,200.0,6.9326066970825195,585053
2,1221,200.0,17.655540704727173,585360
2,1222,200.0,22.989340782165527,585764
2,1223,200.0,19.466268301010132,586104
2,1224,200.0,14.694509983062744,586368
2,1225,200.0,31.40857243537903,586930
2,1226,200.0,12.040712833404541,587148
2,1227,200.0,19.50806713104248,587494
2,1228,200.0,3.8025217056274414,587556
2,1229,200.0,18.933955430984497,587912
2,1230,200.0,5.7109692096710205,588000
2,1231,200.0,22.369019985198975,588402
2,1232,200.0,18.807520627975464,588721
2,1233,200.0,10.797305583953857,588897
2,1234,200.0,23.553900957107544,589306
2,1235,200.0,17.751497745513916,589634
2,1236,200.0,25.603941440582275,590080
2,1237,200.0,9.971724033355713,590258
2,1238,200.0,6.280231714248657,590352
2,1239,200.0,31.414711713790894,590879
2,1240,200.0,9.782377481460571,591033
2,1241,200.0,17.414715051651,591335
2,1242,200.0,19.49538230895996,591691
2,1243,200.0,3.1982908248901367,591732
2,1244,200.0,14.53355860710144,591991
2,1245,200.0,24.172906160354614,592435
2,1246,200.0,20.506179332733154,592812
2,1247,200.0,8.167213439941406,592965
2,1248,200.0,25.2682843208313,593415
2,1249,200.0,31.25326108932495,593978
2,1250,200.0,23.29853320121765,594379
2,1251,200.0,24.37126851081848,594822
2,1252,200.0,27.646769046783447,595317
2,1253,200.0,42.10900616645813,596073
2,1254,200.0,30.915229082107544,596655
2,1255,200.0,20.075055360794067,597005
2,1256,200.0,22.60264253616333,597380
2,1257,200.0,15.69804310798645,597648
2,1258,200.0,26.507750034332275,598115
2,1259,200.0,14.948171854019165,598378
2,1260,200.0,17.24179983139038,598665
2,1261,-20.0,9.117241859436035,598830
2,1262,200.0,20.413249969482422,599169
2,1263,200.0,21.333122730255127,599552
2,1264,200.0,2.1602795124053955,599576
2,1265,200.0,11.687820672988892,599775
2,1266,200.0,6.318542718887329,599889
2,1267,200.0,24.81100559234619,600341
2,1268,200.0,8.32390284538269,600474
2,1269,200.0,18.645911693572998,600795
2,1270,200.0,14.101872682571411,601063
2,1271,200.0,26.877601623535156,601534
2,1272,200.0,20.26705050468445,601886
2,1273,200.0,13.27232027053833,602118
2,1274,200.0,10.86284875869751,602303
2,1275,200.0,20.241220951080322,602665
2,1276,200.0,22.5546293258667,603060
2,1277,200.0,12.474592685699463,603284
2,1278,200.0,22.348262310028076,603663
2,1279,200.0,15.11011028289795,603908
2,1280,200.0,15.96628713607788,604162
2,1281,200.0,16.230367422103882,604432
2,1282,200.0,12.619837999343872,604639
2,1283,200.0,44.40280604362488,605473
2,1284,200.0,11.850626945495605,605688
2,1285,200.0,7.16771388053894,605810
2,1286,200.0,11.257437467575073,605996
2,1287,200.0,6.720896482467651,606119
2,1288,200.0,17.581796646118164,606435
2,1289,200.0,22.17810845375061,606843
2,1290,200.0,19.01766610145569,607176
2,1291,200.0,39.85679817199707,607881
2,1292,200.0,21.14536476135254,608250
2,1293,200.0,18.69381046295166,608603
2,1294,200.0,41.72707176208496,609380
2,1295,200.0,20.095290660858154,609732
2,1296,200.0,35.43013143539429,610365
2,1297,200.0,24.837307929992676,610806
2,1298,200.0,12.89653992652893,611041
2,1299,200.0,13.674485683441162,611280
2,1300,200.0,14.504492044448853,611538
2,1301,200.0,21.530394792556763,611911
2,1302,200.0,17.38662600517273,612212
2,1303,-20.0,18.698244333267212,612537
2,1304,200.0,8.464386940002441,612685
2,1305,200.0,25.122871160507202,613120
2,1306,200.0,12.63054084777832,613339
2,1307,200.0,6.717287302017212,613417
2,1308,200.0,12.225325584411621,613647
2,1309,200.0,8.96200680732727,613772
2,1310,200.0,19.438941955566406,614106
2,1311,200.0,27.47737455368042,614595
2,1312,200.0,13.908409833908081,614841
2,1313,200.0,24.818551540374756,615269
2,1314,200.0,18.65538454055786,615597
2,1315,200.0,44.932093381881714,616405
2,1316,200.0,2.1938979625701904,616421
2,1317,200.0,67.64515614509583,617592
2,1318,200.0,11.4242582321167,617807
2,1319,200.0,25.884446144104004,618268
2,1320,200.0,20.9157497882843,618621
2,1321,200.0,13.68384313583374,618862
2,1322,200.0,16.840964317321777,619187
2,1323,200.0,31.4043927192688,619738
2,1324,200.0,27.691126585006714,620235
2,1325,200.0,26.399451971054077,620695
2,1326,200.0,23.520604133605957,621075
2,1327,200.0,18.20304584503174,621391
2,1328,200.0,15.349930047988892,621665
2,1329,200.0,16.92715096473694,621966
2,1330,200.0,15.580601453781128,622246
2,1331,200.0,18.41074275970459,622568
2,1332,200.0,13.253689050674438,622798
2,1333,200.0,21.326834678649902,623183
2,1334,200.0,13.240147829055786,623426
2,1335,200.0,56.51019549369812,624475
2,1336,200.0,23.61655354499817,624890
2,1337,200.0,22.490390300750732,625308
2,1338,200.0,16.613105535507202,625610
2,1339,200.0,9.369421482086182,625764
2,1340,200.0,13.483617544174194,625999
2,1341,200.0,18.015689373016357,626302
2,1342,200.0,14.525153636932373,626552
2,1343,200.0,5.24644660949707,626638
2,1344,200.0,14.740466117858887,626901
2,1345,200.0,23.11394691467285,627325
2,1346,200.0,27.89615249633789,627822
2,1347,200.0,16.567866563796997,628109
2,1348,-20.0,31.18260645866394,628663
2,1349,200.0,20.81272554397583,629019
2,1350,200.0,30.565134286880493,629562
2,1351,200.0,18.487205743789673,629884
2,1352,200.0,13.263871192932129,630115
2,1353,200.0,5.909176349639893,630224
2,1354,200.0,8.290201187133789,630366
2,1355,200.0,11.208194971084595,630546
2,1356,200.0,11.85266637802124,630767
2,1357,200.0,9.216750144958496,630908
2,1358,200.0,14.738524436950684,631168
2,1359,200.0,6.878824234008789,631265
2,1360,200.0,13.909999370574951,631521
2,1361,200.0,13.066284418106079,631737
2,1362,-20.0,17.55661177635193,632050
2,1363,200.0,15.578160762786865,632326
2,1364,200.0,22.122105360031128,632707
2,1365,200.0,6.708667993545532,632810
2,1366,200.0,16.96204423904419,633116
2,1367,200.0,16.744926691055298,633406
2,1368,200.0,13.542601823806763,633660
2,1369,200.0,12.057364702224731,633868
2,1370,200.0,14.14378809928894,634105
2,1371,200.0,11.657678604125977,634299
2,1372,200.0,16.367214918136597,634589
2,1373,200.0,14.68225646018982,634827
2,1374,200.0,15.396143913269043,635089
2,1375,200.0,2.5788633823394775,635128
2,1376,200.0,17.342453241348267,635415
2,1377,200.0,26.291106462478638,635867
2,1378,200.0,15.757920265197754,636145
2,1379,200.0,12.44590950012207,636371
2,1380,200.0,20.918570280075073,636744
2,1381,200.0,17.471625328063965,637060
2,1382,200.0,18.59025478363037,637399
2,1383,200.0,18.400777339935303,637736
2,1384,200.0,14.513232469558716,638004
2,1385,200.0,18.88140630722046,638359
2,1386,200.0,10.80149531364441,638547
2,1387,200.0,10.55465030670166,638728
2,1388,200.0,18.630287647247314,639054
2,1389,200.0,16.807186365127563,639333
2,1390,200.0,26.038642644882202,639807
2,1391,200.0,14.533393144607544,640055
2,1392,200.0,17.56792712211609,640360
2,1393,200.0,20.205647706985474,640720
2,1394,200.0,23.28384017944336,641131
2,1395,-20.0,27.206065893173218,641610
2,1396,200.0,20.0118567943573,641965
2,1397,200.0,14.101985692977905,642200
2,1398,200.0,19.86658215522766,642547
2,1399,200.0,12.83881950378418,642763
2,1400,200.0,21.484114170074463,643134
2,1401,200.0,18.190341472625732,643461
2,1402,200.0,17.405824899673462,643771
2,1403,200.0,17.59354305267334,644079
2,1404,200.0,6.352849721908569,644172
2,1405,200.0,10.834294557571411,644360
2,1406,200.0,38.451903104782104,645032
2,1407,200.0,13.88706922531128,645270
2,1408,200.0,11.418685674667358,645443
2,1409,200.0,14.351550340652466,645704
2,1410,200.0,14.482146263122559,645951
2,1411,200.0,9.347001791000366,646108
2,1412,200.0,15.148522853851318,646373
2,1413,200.0,18.70390510559082,646699
2,1414,200.0,23.157736778259277,647101
2,1415,200.0,37.78601574897766,647778
2,1416,200.0,2.1673128604888916,647810
2,1417,200.0,27.9589786529541,648303
2,1418,200.0,8.535358190536499,648439
2,1419,200.0,10.178179025650024,648621
2,1420,200.0,35.687342405319214,649224
2,1421,200.0,14.30605959892273,649476
2,1422,200.0,5.686105728149414,649565
2,1423,200.0,16.73225426673889,649868
2,1424,200.0,7.678524017333984,649984
2,1425,200.0,16.535305500030518,650268
2,1426,200.0,16.00182294845581,650520
2,1427,200.0,17.2629451751709,650808
2,1428,200.0,13.291399240493774,651029
2,1429,200.0,17.982609272003174,651345
2,1430,-20.0,34.460659980773926,651954
2,1431,200.0,13.186196088790894,652185
2,1432,200.0,24.99255061149597,652610
2,1433,200.0,25.35145902633667,653041
2,1434,200.0,19.830716609954834,653390
2,1435,200.0,9.36515474319458,653533
2,1436,200.0,15.177345991134644,653801
2,1437,-20.0,8.475800514221191,653951
2,1438,200.0,7.518880605697632,654067
2,1439,200.0,41.49576997756958,654793
2,1440,200.0,14.297285318374634,655036
2,1441,200.0,12.316588163375854,655252
2,1442,200.0,25.15028476715088,655685
2,1443,200.0,13.937137603759766,655901
2,1444,200.0,8.758239269256592,656035
2,1445,200.0,25.87752366065979,656474
2,1446,200.0,20.249516010284424,656830
2,1447,200.0,2.397627353668213,656861
2,1448,200.0,38.13997292518616,657523
2,1449,200.0,8.351712226867676,657651
2,1450,200.0,25.00758123397827,658068
2,1451,200.0,35.262351512908936,658666
2,1452,200.0,2.160264730453491,658698
2,1453,200.0,13.020721912384033,658912
2,1454,200.0,7.945982933044434,659029
2,1455,200.0,6.280930042266846,659143
2,1456,200.0,14.73782992362976,659395
2,1457,200.0,11.619626522064209,659603
2,1458,200.0,15.35831356048584,659855
2,1459,-20.0,8.392615795135498,660007
2,1460,200.0,12.604334592819214,660236
2,1461,200.0,18.855618000030518,660542
2,1462,200.0,17.620316743850708,660850
2,1463,200.0,15.94736909866333,661090
2,1464,200.0,4.270721912384033,661166
2,1465,200.0,19.808087587356567,661512
2,1466,200.0,28.59612202644348,662030
2,1467,200.0,19.228926181793213,662380
2,1468,200.0,10.191239595413208,662562
2,1469,200.0,11.606337785720825,662771
2,1470,200.0,12.18571949005127,662974
2,1471,200.0,12.03249979019165,663169
2,1472,200.0,9.970628023147583,663338
2,1473,200.0,18.46372079849243,663643
2,1474,200.0,15.51711654663086,663899
2,1475,200.0,12.296077966690063,664120
2,1476,200.0,17.423921585083008,664413
2,1477,200.0,18.403223991394043,664743
2,1478,200.0,26.25841522216797,665174
2,1479,200.0,15.605417013168335,665434
2,1480,200.0,19.270989656448364,665764
2,1481,200.0,4.2914719581604,665825
2,1482,200.0,15.116293907165527,666076
2,1483,200.0,15.981879234313965,666343
2,1484,200.0,16.181364059448242,666627
2,1485,200.0,12.057369947433472,666825
2,1486,200.0,9.805364608764648,666987
2,1487,200.0,8.71850872039795,667144
2,1488,200.0,17.955649375915527,667443
2,1489,200.0,16.56143069267273,667724
2,1490,200.0,22.947306871414185,668120
2,1491,200.0,39.888022899627686,668815
2,1492,200.0,11.630558252334595,668999
2,1493,200.0,18.41190266609192,669326
2,1494,200.0,10.395071744918823,669496
2,1495,200.0,13.064608335494995,669722
2,1496,200.0,19.26880431175232,670066
2,1497,200.0,12.425393342971802,670269
2,1498,200.0,13.131570816040039,670498
2,1499,200.0,13.298142433166504,670720
2,1500,200.0,11.235991954803467,670910
2,1501,200.0,13.305399656295776,671131
2,1502,200.0,18.613582849502563,671455
2,1503,200.0,16.308505296707153,671728
2,1504,200.0,16.578240633010864,672007
2,1505,200.0,17.57662057876587,672298
2,1506,200.0,10.82585072517395,672491
2,1507,200.0,12.051507472991943,672699
2,1508,200.0,17.468927145004272,672970
2,1509,200.0,14.533099889755249,673209
2,1510,200.0,9.608617305755615,673357
2,1511,200.0,9.625463485717773,673528
2,1512,200.0,20.082367420196533,673868
2,1513,200.0,12.284403324127197,674064
2,1514,200.0,12.890536069869995,674284
2,1515,200.0,16.96808910369873,674559
2,1516,200.0,10.981151103973389,674735
2,1517,200.0,26.0524263381958,675190
2,1518,200.0,12.03432321548462,675387
2,1519,200.0,21.119635820388794,675753
2,1520,200.0,13.248342037200928,675961
2,1521,200.0,12.48970365524292,676176
2,1522,200.0,14.541930437088013,676436
2,1523,200.0,6.319154739379883,676532
2,1524,200.0,15.139468431472778,676795
2,1525,200.0,6.078874111175537,676907
2,1526,200.0,7.312644004821777,677026
