4,1,-20.0,72.23060464859009,1465
4,2,-20.0,46.25062155723572,2456
4,3,-20.0,35.39768099784851,3236
4,4,-20.0,43.23068308830261,4198
4,5,-20.0,39.588767766952515,5103
4,6,-20.0,44.06404447555542,6093
4,7,-20.0,38.50151538848877,6959
4,8,-20.0,54.51921629905701,8167
4,9,200.0,2.292959690093994,8205
4,10,-20.0,22.575374126434326,8704
4,11,-20.0,26.278321504592896,9294
4,12,200.0,39.94243550300598,10169
4,13,-20.0,23.041632413864136,10703
4,14,-20.0,23.208415269851685,11207
4,15,-20.0,20.680543899536133,11659
4,16,200.0,11.324514150619507,11893
4,17,-20.0,22.62498164176941,12425
4,18,-20.0,8.661402463912964,12610
4,19,-20.0,12.428416728973389,12893
4,20,200.0,107.55775856971741,15345
4,21,-20.0,17.157440662384033,15732
4,22,200.0,29.77302837371826,16412
4,23,-20.0,85.343106508255,18379
4,24,-20.0,42.05377531051636,19304
4,25,-20.0,58.14005136489868,20617
4,26,200.0,26.764273405075073,21200
4,27,-20.0,49.13397812843323,22343
4,28,-20.0,78.71615982055664,24093
4,29,-20.0,53.30804395675659,25293
4,30,-20.0,90.03313875198364,27301
4,31,-20.0,34.50244355201721,28095
4,32,200.0,18.00356698036194,28482
4,33,0,119.28354716300964,31119
4,34,0,104.74466562271118,33512
4,35,0,107.26567816734314,35945
4,36,0,116.75882625579834,38566
4,37,0,110.48396682739258,41074
4,38,0,106.04746317863464,43499
4,39,-20.0,56.13852095603943,44766
4,40,-20.0,39.75698971748352,45681
4,41,0,106.40728187561035,48101
4,42,-20.0,71.89430093765259,49726
4,43,0,105.17482233047485,52100
4,44,0,110.19178485870361,54602
4,45,0,108.3541784286499,57161
4,46,0,106.35470533370972,59597
4,47,200.0,6.233396053314209,59713
4,48,0,109.02839827537537,62233
4,49,0,109.89723610877991,64751
4,50,200.0,30.615376234054565,65459
4,51,0,106.38170599937439,67913
4,52,0,104.35213303565979,70302
4,53,200.0,31.42795729637146,71013
4,54,0,109.58255529403687,73559
4,55,0,109.95169734954834,76061
4,56,0,110.3954210281372,78561
4,57,0,104.8843424320221,80944
4,58,0,111.71221780776978,83426
4,59,0,106.6680166721344,85882
4,60,200.0,24.700369119644165,86446
4,61,-20.0,40.332531452178955,87359
4,62,-20.0,33.942490577697754,88114
4,63,200.0,29.12461280822754,88761
4,64,-20.0,20.714928150177002,89234
4,65,-20.0,64.332284450531,90674
4,66,200.0,19.86776328086853,91103
4,67,-20.0,59.81500434875488,92447
4,68,-20.0,83.82624769210815,94316
4,69,200.0,22.49424648284912,94785
4,70,0,107.62312722206116,97150
4,71,0,104.8819751739502,99533
4,72,200.0,16.895948886871338,99910
4,73,200.0,28.27110457420349,100529
4,74,200.0,30.934577703475952,101163
4,75,200.0,36.77682304382324,101994
4,76,0,105.72634768486023,104379
4,77,200.0,65.12320160865784,105820
4,78,0,104.8866240978241,108145
4,79,200.0,9.997489213943481,108352
4,80,200.0,35.279118061065674,109094
4,81,200.0,19.2372305393219,109531
4,82,200.0,69.56865167617798,111008
4,83,-20.0,49.798643350601196,112093
4,84,200.0,95.61809396743774,114198
4,85,200.0,10.226249694824219,114423
4,86,0,107.95726752281189,116832
4,87,200.0,14.94326114654541,117151
4,88,-20.0,54.19516563415527,118366
4,89,200.0,18.128276586532593,118768
4,90,200.0,2.7250938415527344,118818
4,91,-20.0,51.73691916465759,119970
4,92,200.0,13.779967546463013,120272
4,93,200.0,27.897571802139282,120860
4,94,0,108.39369583129883,123251
4,95,-20.0,44.228647232055664,124250
4,96,200.0,9.462349891662598,124460
4,97,-20.0,38.624539852142334,125328
4,98,200.0,70.48242139816284,126850
4,99,200.0,14.062750816345215,127151
4,100,200.0,43.440024852752686,128065
4,101,200.0,18.433318853378296,128459
4,102,200.0,11.961140394210815,128726
4,103,200.0,24.57869243621826,129269
4,104,-20.0,42.96161699295044,130202
4,105,200.0,5.875893831253052,130327
4,106,200.0,22.079718828201294,130804
4,107,200.0,27.197612524032593,131395
4,108,-20.0,64.34981322288513,132828
4,109,200.0,22.76969575881958,133335
4,110,200.0,18.773623943328857,133750
4,111,200.0,42.484084606170654,134631
4,112,200.0,5.817054033279419,134743
4,113,200.0,13.857295036315918,135041
4,114,200.0,67.6053192615509,136553
4,115,200.0,29.11428141593933,137200
4,116,200.0,13.776091575622559,137513
4,117,0,109.03066802024841,139964
4,118,200.0,38.74681615829468,140770
4,119,200.0,36.42846131324768,141580
4,120,200.0,26.7475688457489,142132
4,121,200.0,45.389612674713135,143164
4,122,200.0,21.037691593170166,143629
4,123,200.0,21.571894645690918,144081
4,124,-20.0,105.85582780838013,146389
4,125,-20.0,83.20934176445007,148220
4,126,200.0,14.874797105789185,148547
4,127,0,112.09087777137756,151033
4,128,200.0,11.869163513183594,151268
4,129,200.0,16.556315422058105,151638
4,130,200.0,2.6665751934051514,151680
4,131,-20.0,17.01418447494507,152037
4,132,200.0,15.31175708770752,152360
4,133,0,110.2433168888092,154826
4,134,200.0,17.67547297477722,155230
4,135,200.0,4.313416242599487,155313
4,136,200.0,39.42018175125122,156164
4,137,0,111.41527366638184,158646
4,138,-20.0,53.47319936752319,159811
4,139,-20.0,56.24559998512268,161042
4,140,200.0,9.615731716156006,161251
4,141,200.0,30.96148681640625,161941
4,142,200.0,36.019795417785645,162707
4,143,-20.0,48.25464653968811,163764
4,144,200.0,7.995169162750244,163919
4,145,200.0,48.8549747467041,164957
4,146,0,110.2052800655365,167377
4,147,200.0,39.09675359725952,168232
4,148,200.0,7.3786091804504395,168396
4,149,-20.0,38.67432427406311,169189
4,150,200.0,16.55184268951416,169530
4,151,0,108.17516899108887,171952
4,152,-20.0,21.960134267807007,172424
4,153,200.0,70.08434653282166,173935
4,154,200.0,21.044551610946655,174406
4,155,-20.0,20.70065474510193,174860
4,156,200.0,16.207942008972168,175212
4,157,-20.0,27.9752357006073,175823
4,158,200.0,45.25008511543274,176804
4,159,200.0,17.7109797000885,177192
4,160,200.0,2.4957361221313477,177237
4,161,-20.0,32.71406602859497,177944
4,162,-20.0,61.78731036186218,179253
4,163,-20.0,12.421874284744263,179524
4,164,200.0,28.907899379730225,180165
4,165,200.0,18.157623767852783,180548
4,166,200.0,50.15983462333679,181604
4,167,200.0,31.64510178565979,182267
4,168,-20.0,39.06090068817139,183109
4,169,200.0,17.959794521331787,183521
4,170,200.0,38.411630630493164,184340
4,171,200.0,13.194029569625854,184603
4,172,200.0,6.691946268081665,184734
4,173,0,107.62371754646301,187045
4,174,0,108.15771079063416,189411
4,175,200.0,18.600285053253174,189830
4,176,200.0,16.027233123779297,190190
4,177,0,105.42011499404907,192549
4,178,-20.0,34.87800693511963,193314
4,179,200.0,26.02649760246277,193909
4,180,200.0,15.696598291397095,194255
4,181,-20.0,76.97572922706604,195928
4,182,200.0,2.508777141571045,195963
4,183,200.0,45.36163878440857,196921
4,184,-20.0,18.06485080718994,197300
4,185,200.0,17.959742784500122,197682
4,186,200.0,4.754786729812622,197761
4,187,0,110.52119255065918,200094
4,188,-20.0,53.67546367645264,201233
4,189,200.0,14.436409950256348,201537
4,190,200.0,14.489766836166382,201849
4,191,200.0,2.65795636177063,201889
4,192,-20.0,51.294007301330566,203041
4,193,200.0,30.402745008468628,203704
4,194,200.0,32.140984773635864,204414
4,195,200.0,16.29145574569702,204762
4,196,200.0,14.290000915527344,205061
4,197,200.0,18.863883018493652,205467
4,198,0,111.28731155395508,207906
4,199,200.0,40.143616676330566,208709
4,200,200.0,17.99844741821289,209081
4,201,200.0,10.874573469161987,209301
4,202,-20.0,25.356022834777832,209839
4,203,200.0,29.108949661254883,210440
4,204,200.0,11.440886735916138,210664
4,205,200.0,9.975042581558228,210879
4,206,200.0,30.072983026504517,211539
4,207,200.0,25.291195392608643,212078
4,208,200.0,24.575361967086792,212586
4,209,-20.0,20.893043518066406,213003
4,210,200.0,24.308908462524414,213521
4,211,-20.0,19.111969709396362,213936
4,212,200.0,15.602605819702148,214280
4,213,200.0,23.570862770080566,214781
4,214,200.0,30.887835264205933,215395
4,215,0,106.87938189506531,217775
4,216,200.0,20.616934776306152,218239
4,217,200.0,38.94614624977112,219032
4,218,-20.0,39.40785217285156,219841
4,219,200.0,21.16156506538391,220293
4,220,200.0,18.91714596748352,220683
4,221,200.0,9.617166757583618,220879
4,222,200.0,24.426619291305542,221368
4,223,200.0,25.302867650985718,221929
4,224,200.0,18.346118211746216,222313
4,225,200.0,19.660082817077637,222717
4,226,200.0,12.544291734695435,222990
4,227,200.0,30.894084930419922,223663
4,228,200.0,19.01846981048584,224048
4,229,0,110.98115181922913,226420
4,230,0,105.84764504432678,228699
4,231,200.0,15.315378189086914,229026
4,232,200.0,5.1502344608306885,229136
4,233,200.0,14.228135585784912,229417
4,234,200.0,18.14800238609314,229835
4,235,200.0,21.676332473754883,230312
4,236,200.0,44.842177629470825,231216
4,237,200.0,14.595759153366089,231512
4,238,200.0,27.405925989151,232112
4,239,200.0,10.34960675239563,232337
4,240,0,111.8153429031372,234751
4,241,200.0,39.2541184425354,235607
4,242,200.0,31.749054193496704,236288
4,243,200.0,5.81763768196106,236405
4,244,200.0,20.817595720291138,236837
4,245,-20.0,36.44454288482666,237662
4,246,200.0,15.248084306716919,238003
4,247,200.0,3.6820383071899414,238074
4,248,200.0,28.38603901863098,238671
4,249,200.0,40.10406708717346,239548
4,250,200.0,36.905460596084595,240322
4,251,200.0,29.894410371780396,240947
4,252,200.0,36.60545802116394,241730
4,253,200.0,56.67642021179199,243022
4,254,200.0,24.968698263168335,243552
4,255,200.0,12.987602710723877,243816
4,256,200.0,29.37651753425598,244430
4,257,200.0,31.637001514434814,245134
4,258,200.0,19.94611120223999,245548
4,259,200.0,37.610124349594116,246323
4,260,200.0,4.236697196960449,246409
4,261,200.0,46.05127215385437,247370
4,262,200.0,80.478351354599,249104
4,263,200.0,24.766829252243042,249640
4,264,200.0,15.067380428314209,249960
4,265,200.0,7.9094557762146,250133
4,266,200.0,21.38970923423767,250579
4,267,-20.0,11.137802839279175,250811
4,268,200.0,14.377493143081665,251103
4,269,200.0,49.680397748947144,252172
4,270,200.0,18.5971417427063,252540
4,271,200.0,23.989201068878174,253049
4,272,200.0,26.628984689712524,253599
4,273,200.0,14.014431953430176,253864
4,274,-20.0,10.87169075012207,254085
4,275,200.0,41.94639873504639,254948
4,276,0,116.24074482917786,257438
4,277,200.0,16.096038818359375,257776
4,278,0,106.98505473136902,260039
4,279,200.0,10.521666288375854,260256
4,280,200.0,10.972787141799927,260487
4,281,200.0,10.842967510223389,260687
4,282,-20.0,33.18868851661682,261377
4,283,-20.0,12.744406461715698,261657
4,284,200.0,7.181143760681152,261785
4,285,200.0,15.515496730804443,262099
4,286,-20.0,9.911461353302002,262318
4,287,200.0,3.4888224601745605,262377
4,288,200.0,12.210905075073242,262622
4,289,-20.0,12.803411722183228,262881
4,290,200.0,8.572293281555176,263050
4,291,200.0,11.336634635925293,263289
4,292,200.0,12.757744312286377,263559
4,293,200.0,58.8284969329834,264775
4,294,200.0,12.77212119102478,265027
4,295,200.0,32.54035806655884,265737
4,296,-20.0,8.805912256240845,265920
4,297,200.0,14.041803359985352,266231
4,298,200.0,7.743154764175415,266391
4,299,200.0,58.90764880180359,267708
4,300,200.0,17.78873348236084,268068
4,301,200.0,23.009772300720215,268522
4,302,200.0,62.33814978599548,269845
4,303,200.0,42.49446749687195,270759
4,304,0,112.79865527153015,273175
4,305,200.0,14.705482244491577,273466
4,306,200.0,3.9204370975494385,273537
4,307,-20.0,53.83241844177246,274658
4,308,-20.0,9.136816501617432,274842
4,309,200.0,15.53945016860962,275177
4,310,-20.0,18.469140768051147,275550
4,311,200.0,10.157414197921753,275765
4,312,-20.0,9.068120241165161,275955
4,313,200.0,12.0293288230896,276198
4,314,200.0,45.865042209625244,277176
4,315,200.0,17.518166065216064,277560
4,316,200.0,45.722344398498535,278553
4,317,200.0,39.208820104599,279381
4,318,200.0,13.125079154968262,279636
4,319,200.0,8.601683616638184,279827
4,320,200.0,3.9415335655212402,279907
4,321,-20.0,20.858378171920776,280302
4,322,200.0,25.08265781402588,280872
4,323,200.0,12.58115553855896,281144
4,324,200.0,12.804204225540161,281421
4,325,0,115.34772944450378,283983
4,326,200.0,16.554392337799072,284341
4,327,200.0,9.194673299789429,284525
4,328,200.0,15.873149871826172,284850
4,329,200.0,8.145931243896484,285021
4,330,200.0,33.02922344207764,285723
4,331,200.0,11.601712226867676,285966
4,332,200.0,6.885365009307861,286103
4,333,200.0,8.561843395233154,286279
4,334,200.0,12.240197896957397,286506
4,335,200.0,19.42262601852417,286888
4,336,200.0,29.62000322341919,287526
4,337,200.0,17.10414457321167,287868
4,338,-20.0,47.32885408401489,288921
4,339,200.0,29.78117823600769,289566
4,340,200.0,35.021079778671265,290321
4,341,200.0,17.98016858100891,290706
4,342,200.0,24.937438011169434,291247
4,343,200.0,11.759007930755615,291501
4,344,200.0,62.389161825180054,292831
4,345,0,113.33490872383118,295276
4,346,200.0,16.176347494125366,295615
4,347,200.0,2.467716932296753,295654
4,348,200.0,25.726067066192627,296238
4,349,200.0,15.251246929168701,296558
4,350,200.0,21.378069400787354,297037
4,351,-20.0,14.177024602890015,297352
4,352,200.0,2.834423303604126,297403
4,353,200.0,52.25997972488403,298561
4,354,-20.0,20.760854244232178,299013
4,355,200.0,22.45944857597351,299507
4,356,200.0,11.743784427642822,299756
4,357,-20.0,11.185532569885254,300005
4,358,200.0,19.9301598072052,300442
4,359,200.0,13.014809608459473,300719
4,360,200.0,11.958575010299683,300973
4,361,200.0,4.152174234390259,301058
4,362,200.0,33.3216917514801,301739
4,363,200.0,25.100038766860962,302253
4,364,200.0,34.44244027137756,303031
4,365,-20.0,25.91452407836914,303593
4,366,200.0,14.692317724227905,303912
4,367,200.0,14.844290971755981,304251
4,368,200.0,26.139962911605835,304786
4,369,200.0,19.37924838066101,305211
4,370,-20.0,43.15484285354614,306151
4,371,0,109.83983993530273,308510
4,372,200.0,13.269532442092896,308797
4,373,0,114.44311428070068,311317
4,374,200.0,9.520055055618286,311528
4,375,200.0,17.033589601516724,311884
4,376,0,112.91936135292053,314303
4,377,200.0,21.726715803146362,314804
4,378,200.0,14.94271445274353,315124
4,379,200.0,33.025007247924805,315885
4,380,200.0,6.2552361488342285,316023
4,381,200.0,23.019935131072998,316503
4,382,-20.0,41.937522172927856,317381
4,383,200.0,16.060559272766113,317737
4,384,200.0,14.592944383621216,318068
4,385,200.0,16.453068256378174,318441
4,386,200.0,23.985477924346924,318952
4,387,200.0,12.744367122650146,319212
4,388,200.0,27.52090334892273,319806
4,389,-20.0,45.21928358078003,320832
4,390,200.0,17.542492628097534,321219
4,391,200.0,14.09693431854248,321530
4,392,-20.0,47.29332160949707,322564
4,393,0,106.32716298103333,324933
4,394,200.0,18.161966562271118,325311
4,395,-20.0,52.87654900550842,326441
4,396,0,116.92751550674438,328860
4,397,-20.0,72.40960001945496,330465
4,398,200.0,2.420494556427002,330499
4,399,-20.0,94.32018113136292,332469
4,400,200.0,17.778141021728516,332836
4,401,-20.0,44.70894813537598,333812
4,402,200.0,13.483792304992676,334103
4,403,200.0,9.745966911315918,334315
4,404,0,108.44051337242126,336615
4,405,-20.0,56.75946497917175,337833
4,406,0,108.84215092658997,340187
4,407,200.0,59.62952661514282,341444
4,408,200.0,28.023826837539673,342063
4,409,200.0,16.155369520187378,342406
4,410,200.0,31.232810735702515,343057
4,411,0,107.58766508102417,345405
4,412,200.0,9.572701930999756,345598
4,413,200.0,12.533520698547363,345870
4,414,-20.0,35.52831792831421,346627
4,415,200.0,8.612976789474487,346784
4,416,200.0,12.607643604278564,347026
4,417,200.0,29.940704345703125,347665
4,418,-20.0,40.15824246406555,348548
4,419,200.0,12.924380540847778,348826
4,420,-20.0,39.25444006919861,349639
4,421,-20.0,40.04783654212952,350521
4,422,0,113.26733350753784,352950
4,423,-20.0,35.57693791389465,353711
4,424,200.0,8.57371187210083,353876
4,425,0,106.64887428283691,356197
4,426,200.0,9.424070119857788,356388
4,427,-20.0,43.9703803062439,357339
4,428,200.0,16.029477834701538,357653
4,429,200.0,32.91097092628479,358373
4,430,-20.0,42.67461156845093,359285
4,431,0,115.97997307777405,361819
4,432,-20.0,73.01039361953735,363409
4,433,-20.0,44.75670123100281,364398
4,434,200.0,17.469095945358276,364771
4,435,200.0,8.437441110610962,364958
4,436,200.0,9.720720767974854,365164
4,437,-20.0,41.77088165283203,366100
4,438,200.0,17.344388246536255,366469
4,439,-20.0,103.51886177062988,368708
4,440,-20.0,36.329275369644165,369483
4,441,200.0,6.274541616439819,369604
4,442,200.0,14.828200817108154,369920
4,443,-20.0,54.77175831794739,371125
4,444,200.0,12.910021781921387,371383
4,445,-20.0,49.169610023498535,372459
4,446,200.0,23.001142263412476,372954
4,447,200.0,21.868536949157715,373394
4,448,200.0,7.4980738162994385,373548
4,449,200.0,13.813669443130493,373856
4,450,200.0,11.621246099472046,374090
4,451,200.0,20.349255800247192,374511
4,452,-20.0,52.13795018196106,375656
4,453,200.0,9.808874368667603,375856
4,454,-20.0,48.47012114524841,376887
4,455,200.0,49.14626097679138,377950
4,456,200.0,2.325650930404663,377989
4,457,-20.0,24.44546341896057,378509
4,458,200.0,13.19859266281128,378781
4,459,200.0,9.271574020385742,378972
4,460,0,114.91665315628052,381431
4,461,200.0,22.90179443359375,381922
4,462,-20.0,40.22253465652466,382758
4,463,0,114.19975209236145,385222
4,464,200.0,19.241559267044067,385643
4,465,200.0,38.553019285202026,386466
4,466,200.0,27.25914692878723,387047
4,467,200.0,30.35294508934021,387699
4,468,200.0,35.40573167800903,388435
4,469,200.0,5.01480770111084,388536
4,470,-20.0,43.91274547576904,389488
4,471,200.0,27.783658981323242,390042
4,472,200.0,4.682598352432251,390128
4,473,200.0,18.788623571395874,390517
4,474,200.0,40.70578074455261,391358
4,475,200.0,22.64442801475525,391817
4,476,-20.0,50.32791519165039,392897
4,477,200.0,31.926679134368896,393564
4,478,-20.0,46.567991495132446,394538
4,479,200.0,6.546969175338745,394658
4,480,-20.0,34.79599690437317,395432
4,481,-20.0,52.74115705490112,396589
4,482,200.0,14.701570272445679,396891
4,483,200.0,14.107872486114502,397192
4,484,200.0,11.421716928482056,397437
4,485,200.0,15.269196510314941,397759
4,486,200.0,12.477185726165771,398017
4,487,200.0,26.484363079071045,398536
4,488,200.0,40.068053245544434,399390
4,489,200.0,36.16972351074219,400137
4,490,200.0,65.68291234970093,401506
4,491,200.0,6.760132551193237,401627
4,492,200.0,9.283099889755249,401835
4,493,200.0,26.819744348526,402407
4,494,-20.0,24.302870750427246,402935
4,495,-20.0,40.209383726119995,403786
4,496,200.0,9.40852952003479,403986
4,497,200.0,66.42065596580505,405385
4,498,200.0,43.04168701171875,406289
4,499,200.0,15.06798768043518,406603
4,500,-20.0,24.98661756515503,407140
4,501,200.0,47.90693688392639,408124
4,502,200.0,8.921516180038452,408289
4,503,-20.0,65.64717698097229,409686
4,504,200.0,102.31574606895447,411891
4,505,200.0,14.410799503326416,412192
4,506,200.0,11.427851915359497,412444
4,507,200.0,33.18335032463074,413139
4,508,200.0,16.72214674949646,413475
4,509,-20.0,43.21497964859009,414394
4,510,200.0,13.552087545394897,414663
4,511,200.0,17.351516246795654,415027
4,512,200.0,20.03711175918579,415448
4,513,0,118.59238719940186,417884
4,514,200.0,40.95477223396301,418745
4,515,200.0,94.13846278190613,420744
4,516,200.0,16.123114347457886,421074
4,517,200.0,34.239173412323,421817
4,518,200.0,24.117389917373657,422302
4,519,200.0,12.4940664768219,422569
4,520,200.0,11.705026865005493,422804
4,521,-20.0,28.57441782951355,423439
4,522,200.0,2.889601469039917,423491
4,523,200.0,15.764582395553589,423826
4,524,200.0,39.16823863983154,424670
4,525,200.0,28.696674823760986,425273
4,526,200.0,7.388525485992432,425419
4,527,200.0,12.62576699256897,425658
4,528,200.0,27.924781322479248,426233
4,529,200.0,22.847845792770386,426682
4,530,-20.0,17.441171169281006,427072
4,531,0,112.96210026741028,429570
4,532,200.0,11.687376737594604,429809
4,533,0,109.61581015586853,432129
4,534,200.0,15.216571807861328,432461
4,535,200.0,12.442627429962158,432719
4,536,200.0,6.955087184906006,432857
4,537,200.0,17.669156551361084,433212
4,538,200.0,13.13101053237915,433490
4,539,-20.0,34.930291414260864,434188
4,540,-20.0,25.04355525970459,434717
4,541,200.0,10.484792470932007,434910
4,542,-20.0,20.55294966697693,435342
4,543,200.0,15.90132737159729,435682
4,544,200.0,14.553026676177979,435984
4,545,200.0,18.5968976020813,436386
4,546,200.0,35.14125680923462,437154
4,547,0,105.90050292015076,439447
4,548,200.0,11.817799806594849,439683
4,549,0,115.86183333396912,442147
4,550,-20.0,27.35311508178711,442746
4,551,200.0,56.169638872146606,443921
4,552,200.0,15.857684850692749,444261
4,553,200.0,30.46731209754944,444883
4,554,200.0,5.809485197067261,444993
4,555,200.0,12.45845651626587,445257
4,556,200.0,10.089516639709473,445463
4,557,-20.0,59.659732818603516,446794
4,558,200.0,52.089216470718384,447894
4,559,200.0,16.59462857246399,448236
4,560,200.0,10.98197340965271,448462
4,561,200.0,31.21041488647461,449113
4,562,200.0,9.106844663619995,449303
4,563,200.0,3.9886839389801025,449384
4,564,200.0,15.097795963287354,449706
4,565,-20.0,42.118908405303955,450620
4,566,200.0,38.78407120704651,451431
4,567,200.0,13.204305171966553,451708
4,568,200.0,11.334117412567139,451937
4,569,200.0,59.223530530929565,453197
4,570,200.0,9.66212272644043,453402
4,571,200.0,12.476358413696289,453652
4,572,-20.0,76.33880519866943,455292
4,573,200.0,58.22109603881836,456497
4,574,200.0,37.36745071411133,457294
4,575,200.0,16.462406635284424,457634
4,576,200.0,42.49819231033325,458538
4,577,0,109.24786257743835,460772
4,578,200.0,33.28379821777344,461491
4,579,200.0,5.335951566696167,461585
4,580,200.0,20.385602951049805,461982
4,581,200.0,9.091586589813232,462162
4,582,0,114.11034274101257,464541
4,583,200.0,22.06413984298706,465009
4,584,200.0,20.18090295791626,465385
4,585,200.0,5.524415016174316,465490
4,586,200.0,25.60342049598694,466021
4,587,0,107.57421350479126,468342
4,588,200.0,12.796331405639648,468619
4,589,-20.0,65.87848162651062,470004
4,590,200.0,17.77878499031067,470364
4,591,200.0,28.59708595275879,470982
4,592,200.0,5.771759033203125,471097
4,593,200.0,38.23370289802551,471874
4,594,200.0,22.509685754776,472367
4,595,200.0,28.97233772277832,472977
4,596,200.0,20.28306818008423,473401
4,597,200.0,16.442898273468018,473753
4,598,200.0,2.741279363632202,473793
4,599,200.0,34.888553857803345,474535
4,600,-20.0,41.61899518966675,475432
4,601,200.0,6.96399998664856,475575
4,602,-20.0,31.43435788154602,476249
4,603,200.0,23.74049162864685,476737
4,604,200.0,29.265249967575073,477331
4,605,200.0,15.761890172958374,477651
4,606,200.0,2.4009366035461426,477682
4,607,200.0,46.357781171798706,478645
4,608,200.0,16.921069145202637,479011
4,609,-20.0,54.28505802154541,480149
4,610,200.0,15.978965520858765,480475
4,611,200.0,14.849254846572876,480792
4,612,-20.0,27.06197738647461,481352
4,613,200.0,44.35085201263428,482300
4,614,200.0,18.042065143585205,482690
4,615,200.0,29.554352521896362,483319
4,616,-20.0,51.27631497383118,484411
4,617,200.0,40.60004639625549,485246
4,618,200.0,24.068898677825928,485739
4,619,-20.0,60.424476623535156,487038
4,620,200.0,20.721597909927368,487479
4,621,200.0,25.630879402160645,488002
4,622,200.0,15.919429063796997,488319
4,623,200.0,20.255311489105225,488713
4,624,-20.0,27.14517903327942,489274
4,625,200.0,15.982356309890747,489594
4,626,200.0,26.267761707305908,490155
4,627,200.0,24.019248485565186,490643
4,628,200.0,17.39240288734436,491006
4,629,200.0,32.74765133857727,491679
4,630,200.0,32.61865973472595,492355
4,631,-20.0,36.50599980354309,493122
4,632,-20.0,95.96493744850159,495118
4,633,200.0,5.546579599380493,495213
4,634,200.0,17.947805404663086,495572
4,635,200.0,22.167311191558838,496033
4,636,200.0,13.020455598831177,496251
4,637,200.0,57.09402942657471,497463
4,638,200.0,16.327880144119263,497808
4,639,200.0,15.525471687316895,498126
4,640,200.0,37.246723651885986,498855
4,641,200.0,16.46850323677063,499181
4,642,200.0,10.458316326141357,499396
4,643,-20.0,29.60794758796692,500027
4,644,200.0,21.550145626068115,500455
4,645,200.0,4.610206127166748,500544
4,646,-20.0,33.03013563156128,501201
4,647,200.0,18.981125116348267,501600
4,648,200.0,13.820490837097168,501884
4,649,200.0,11.772961378097534,502103
4,650,-20.0,57.532917737960815,503321
4,651,200.0,16.313652276992798,503638
4,652,200.0,14.259530305862427,503929
4,653,-20.0,39.110538959503174,504754
4,654,-20.0,103.29306244850159,506907
4,655,-20.0,29.2037832736969,507505
4,656,200.0,7.501769304275513,507649
4,657,200.0,9.389139413833618,507845
4,658,200.0,10.035252571105957,508064
4,659,200.0,16.328793048858643,508384
4,660,200.0,21.865097522735596,508806
4,661,-20.0,25.15982222557068,509345
4,662,-20.0,45.57391548156738,510344
4,663,-20.0,48.345136642456055,511373
4,664,200.0,19.5995454788208,511779
4,665,200.0,26.73710346221924,512345
4,666,200.0,6.618602752685547,512485
4,667,-20.0,37.08503985404968,513231
4,668,200.0,14.33446192741394,513528
4,669,200.0,17.989134550094604,513887
4,670,200.0,19.46693229675293,514309
4,671,200.0,13.496875762939453,514599
4,672,200.0,14.989599704742432,514896
4,673,200.0,22.954931497573853,515346
4,674,200.0,9.56356430053711,515519
4,675,200.0,20.90127205848694,515916
4,676,200.0,31.988842964172363,516548
4,677,200.0,25.11504077911377,517042
4,678,200.0,18.975727081298828,517422
4,679,200.0,27.718546390533447,517999
4,680,200.0,12.339430093765259,518238
4,681,200.0,10.122215032577515,518437
4,682,200.0,15.564591407775879,518739
4,683,200.0,38.78262972831726,519560
4,684,200.0,24.47651696205139,520075
4,685,200.0,12.497361898422241,520309
4,686,200.0,13.427935123443604,520593
4,687,-20.0,64.19765114784241,521984
4,688,-20.0,48.76131510734558,523038
4,689,200.0,8.969226837158203,523218
4,690,200.0,25.241779327392578,523738
4,691,200.0,22.991983652114868,524218
4,692,200.0,28.059414386749268,524817
4,693,0,116.51685810089111,527215
4,694,-20.0,43.698548316955566,528077
4,695,200.0,17.044805765151978,528412
4,696,200.0,10.801961421966553,528628
4,697,200.0,11.10172724723816,528853
4,698,-20.0,80.73471164703369,530489
4,699,200.0,10.894507646560669,530718
4,700,200.0,13.158828735351562,530958
4,701,-20.0,59.17492699623108,532168
4,702,200.0,14.561886548995972,532445
4,703,200.0,5.688230514526367,532554
4,704,200.0,31.20047664642334,533140
4,705,200.0,13.551136493682861,533408
4,706,200.0,15.643232345581055,533688
4,707,0,113.40027022361755,535998
4,708,-20.0,23.08419942855835,536470
4,709,-20.0,41.73902463912964,537367
4,710,200.0,11.815188646316528,537620
4,711,-20.0,26.820862770080566,538207
4,712,200.0,17.36409020423889,538563
4,713,200.0,2.49223256111145,538588
4,714,200.0,10.052368879318237,538806
4,715,200.0,9.729016065597534,538986
4,716,200.0,15.144187211990356,539276
4,717,200.0,24.149676084518433,539767
4,718,200.0,21.315302848815918,540216
4,719,200.0,10.257455348968506,540400
4,720,-20.0,43.21333336830139,541328
4,721,-20.0,56.441800117492676,542553
4,722,200.0,17.74348211288452,542928
4,723,-20.0,27.304848432540894,543507
4,724,200.0,5.1962034702301025,543610
4,725,200.0,6.1046741008758545,543712
4,726,-20.0,28.856611013412476,544343
4,727,200.0,27.45206904411316,544922
4,728,-20.0,42.731191873550415,545804
4,729,200.0,8.710373640060425,545959
4,730,200.0,14.6924889087677,546267
4,731,-20.0,58.703166246414185,547499
4,732,200.0,10.412488222122192,547720
4,733,200.0,12.66277551651001,547983
4,734,200.0,10.900402069091797,548184
4,735,0,107.15481972694397,550455
4,736,200.0,12.61937403678894,550696
4,737,0,113.93316555023193,553025
4,738,0,105.83690690994263,555291
4,739,-20.0,10.500855684280396,555502
4,740,200.0,11.932116746902466,555739
4,741,200.0,15.30090069770813,556034
4,742,200.0,38.28224182128906,556821
4,743,-20.0,54.563159704208374,557950
4,744,200.0,23.184619665145874,558430
4,745,-20.0,37.828028202056885,559245
4,746,200.0,18.74890661239624,559594
4,747,0,113.80052709579468,561966
4,748,-20.0,44.815274715423584,562911
4,749,200.0,22.45975947380066,563346
4,750,200.0,26.028488636016846,563909
4,751,200.0,13.5820472240448,564209
4,752,200.0,39.83555889129639,565077
4,753,200.0,27.120587825775146,565671
4,754,-20.0,109.25568199157715,568000
4,755,200.0,9.748547792434692,568188
4,756,200.0,11.976694822311401,568443
4,757,200.0,10.171976327896118,568639
4,758,200.0,13.560855627059937,568928
4,759,200.0,14.44062852859497,569224
4,760,0,109.72315454483032,571550
4,761,0,117.43764996528625,574006
4,762,200.0,23.22109293937683,574492
4,763,200.0,5.362244367599487,574595
4,764,0,105.58301091194153,576928
4,765,200.0,20.578521728515625,577349
4,766,200.0,75.01258420944214,578875
4,767,200.0,47.23291087150574,579865
4,768,200.0,14.527655839920044,580178
4,769,200.0,20.606391429901123,580613
4,770,200.0,14.661221265792847,580924
4,771,-20.0,84.97441506385803,582687
4,772,200.0,14.782236099243164,582991
4,773,200.0,13.829100847244263,583286
4,774,200.0,18.9817476272583,583690
4,775,200.0,14.932793617248535,584007
4,776,200.0,20.07890486717224,584424
4,777,200.0,14.944896936416626,584739
4,778,200.0,14.135010480880737,585035
4,779,-20.0,9.819425344467163,585245
4,780,200.0,17.372051000595093,585605
4,781,200.0,119.14734530448914,588060
4,782,-20.0,83.39815878868103,589879
4,783,200.0,27.07943296432495,590446
4,784,200.0,17.321770668029785,590795
4,785,200.0,13.650635004043579,591067
4,786,200.0,16.341192722320557,591423
4,787,200.0,7.688281536102295,591568
4,788,200.0,19.58057999610901,591957
4,789,200.0,11.230138778686523,592189
4,790,200.0,35.58395767211914,592953
4,791,200.0,17.705573320388794,593313
4,792,200.0,66.18420052528381,594773
4,793,-20.0,53.343738317489624,595907
4,794,200.0,22.070201873779297,596392
4,795,200.0,10.96001648902893,596604
4,796,200.0,17.280583381652832,596936
4,797,0,114.45764827728271,599434
4,798,200.0,11.694296598434448,599663
4,799,200.0,16.169568300247192,599985
4,800,200.0,8.900375127792358,600144
4,801,200.0,7.269222259521484,600278
4,802,200.0,12.62676191329956,600515
4,803,200.0,31.276827096939087,601153
4,804,200.0,7.618131875991821,601298
4,805,0,104.86000847816467,603502
4,806,-20.0,101.06690120697021,605673
4,807,200.0,20.809208393096924,606109
4,808,200.0,13.706100702285767,606351
4,809,200.0,13.055204629898071,606584
4,810,200.0,29.333887338638306,607193
4,811,200.0,12.62328052520752,607436
4,812,200.0,13.451395273208618,607699
4,813,200.0,17.746726036071777,608039
4,814,200.0,12.404803037643433,608284
4,815,0,112.72599911689758,610709
4,816,200.0,5.001769065856934,610806
4,817,200.0,38.48521113395691,611610
4,818,200.0,13.164076566696167,611908
4,819,200.0,19.888826847076416,612323
4,820,0,113.97882747650146,614764
4,821,200.0,13.902656078338623,615063
4,822,200.0,85.62934756278992,616894
4,823,200.0,12.92266297340393,617161
4,824,200.0,7.2135515213012695,617309
4,825,200.0,12.889037132263184,617570
4,826,0,108.63760042190552,619820
4,827,200.0,5.940607070922852,619933
4,828,200.0,25.14629340171814,620467
4,829,200.0,62.05658841133118,621756
4,830,200.0,18.683069944381714,622163
4,831,-20.0,58.027586460113525,623440
4,832,200.0,13.419384956359863,623715
4,833,200.0,14.896479606628418,624029
4,834,200.0,36.90865206718445,624771
4,835,200.0,21.130592346191406,625205
4,836,200.0,46.77881836891174,626180
4,837,0,108.33975863456726,628431
4,838,200.0,14.18660831451416,628722
4,839,200.0,22.957050800323486,629198
4,840,200.0,8.159827947616577,629360
4,841,200.0,15.503178596496582,629692
4,842,200.0,17.30439829826355,630044
4,843,200.0,14.994999885559082,630351
4,844,200.0,39.2336266040802,631159
4,845,0,114.59149241447449,633444
4,846,-20.0,87.09403157234192,635325
4,847,200.0,14.983756065368652,635639
4,848,200.0,15.130534887313843,635968
4,849,200.0,12.374197244644165,636230
4,850,200.0,5.359213829040527,636336
4,851,200.0,68.56444334983826,637814
4,852,200.0,33.05221104621887,638477
4,853,200.0,17.594745874404907,638857
4,854,0,108.358722448349,641151
4,855,200.0,19.495829105377197,641564
4,856,200.0,23.00661826133728,642051
4,857,0,122.48802423477173,644569
4,858,200.0,22.621336221694946,645036
4,859,200.0,2.700618028640747,645089
4,860,0,117.04901146888733,647597
4,861,200.0,10.730433702468872,647806
4,862,200.0,24.190185070037842,648294
4,863,200.0,7.765401363372803,648452
4,864,200.0,69.23182511329651,649920
4,865,200.0,33.60250234603882,650657
4,866,0,114.79594016075134,653132
4,867,200.0,25.829772472381592,653668
4,868,200.0,107.87172365188599,655902
4,869,200.0,16.851767539978027,656228
4,870,200.0,12.496587038040161,656488
4,871,200.0,56.45050859451294,657633
4,872,200.0,8.5269136428833,657816
4,873,200.0,5.315379858016968,657906
4,874,0,117.05866408348083,660418
4,875,0,111.74260902404785,662818
4,876,200.0,18.80270791053772,663209
4,877,200.0,12.853070259094238,663463
4,878,200.0,16.2456214427948,663794
4,879,200.0,16.725595951080322,664136
4,880,200.0,24.13117241859436,664643
4,881,200.0,11.10753583908081,664857
4,882,200.0,17.87503671646118,665254
4,883,200.0,20.39649987220764,665680
4,884,200.0,85.15552043914795,667478
4,885,200.0,12.465201377868652,667698
4,886,200.0,32.923858642578125,668333
4,887,200.0,9.797561407089233,668529
4,888,200.0,27.930792570114136,669132
4,889,200.0,14.739442825317383,669450
4,890,200.0,12.317810297012329,669706
4,891,200.0,9.425934791564941,669874
4,892,200.0,17.09661364555359,670221
4,893,200.0,65.7583110332489,671591
4,894,200.0,13.85556697845459,671872
4,895,200.0,12.526312828063965,672134
4,896,200.0,11.781177997589111,672374
4,897,0,109.12622141838074,674621
4,898,200.0,13.425305843353271,674871
4,899,200.0,27.00261402130127,675436
4,900,200.0,20.641327619552612,675872
4,901,200.0,10.751917362213135,676090
4,902,200.0,23.8092098236084,676612
4,903,200.0,22.255791425704956,677036
4,904,200.0,28.706949472427368,677613
4,905,200.0,13.241743564605713,677881
4,906,0,118.34296989440918,680404
4,907,200.0,26.759109258651733,680969
4,908,200.0,7.594826936721802,681101
4,909,200.0,13.609689235687256,681388
4,910,200.0,18.592589139938354,681766
4,911,200.0,19.31090545654297,682154
4,912,200.0,18.600353956222534,682535
4,913,-20.0,41.76864767074585,683430
4,914,200.0,12.14333987236023,683671
4,915,200.0,13.675745010375977,683934
4,916,0,114.01184344291687,686270
4,917,0,111.96311593055725,688702
4,918,200.0,17.219091415405273,689060
4,919,0,113.85912919044495,691442
4,920,200.0,26.71129608154297,692013
4,921,200.0,15.648493528366089,692338
4,922,200.0,7.851894855499268,692489
4,923,200.0,7.484684705734253,692637
4,924,200.0,85.64947772026062,694440
4,925,200.0,22.887043952941895,694914
4,926,200.0,6.347880601882935,695032
4,927,200.0,21.081652402877808,695465
4,928,-20.0,46.36111831665039,696453
4,929,-20.0,112.0409026145935,698805
4,930,200.0,22.822059869766235,699305
4,931,200.0,22.100348711013794,699781
4,932,200.0,32.90284562110901,700469
4,933,200.0,14.758875846862793,700758
4,934,0,108.95586943626404,702998
4,935,0,114.46869468688965,705374
4,936,200.0,22.38914942741394,705809
4,937,200.0,13.192868709564209,706060
4,938,-20.0,77.2676317691803,707744
4,939,200.0,11.73680067062378,708000
4,940,0,108.56587171554565,710226
4,941,200.0,31.19925546646118,710887
4,942,200.0,14.511645555496216,711188
4,943,200.0,31.11679196357727,711855
4,944,200.0,7.675881624221802,711999
4,945,200.0,47.32425618171692,712979
4,946,0,111.82356309890747,715247
4,947,200.0,9.057043313980103,715423
4,948,200.0,16.71880078315735,715744
4,949,200.0,11.700017213821411,715985
4,950,200.0,8.965699434280396,716174
4,951,200.0,20.14815640449524,716606
4,952,200.0,29.75824737548828,717205
4,953,200.0,12.608566045761108,717454
4,954,200.0,15.643531084060669,717796
4,955,200.0,12.899156093597412,718060
4,956,200.0,37.675471782684326,718883
4,957,0,121.39781093597412,721392
4,958,200.0,11.162649393081665,721593
4,959,200.0,27.321801900863647,722203
4,960,-20.0,15.77869439125061,722529
4,961,0,107.1659803390503,724753
4,962,200.0,15.05525541305542,725049
4,963,200.0,38.90492367744446,725843
4,964,0,118.64564561843872,728357
4,965,200.0,19.514321327209473,728762
4,966,200.0,23.510448694229126,729221
4,967,200.0,6.249696493148804,729347
4,968,0,114.55594825744629,731642
4,969,200.0,28.881922960281372,732243
4,970,200.0,16.744013786315918,732580
4,971,200.0,6.259630441665649,732699
4,972,200.0,13.70659351348877,732964
4,973,0,109.05536890029907,735140
4,974,200.0,23.776516914367676,735598
4,975,200.0,18.240525722503662,735944
4,976,0,112.53398084640503,738256
4,977,0,113.42119312286377,740694
4,978,200.0,3.3058996200561523,740752
4,979,0,110.34684205055237,743058
4,980,0,114.81663465499878,745369
4,981,200.0,27.8989839553833,745956
4,982,200.0,12.909150123596191,746202
4,983,200.0,53.12437725067139,747304
4,984,200.0,16.65117573738098,747610
4,985,200.0,14.852159023284912,747883
4,986,200.0,16.214825868606567,748171
4,987,200.0,32.687697649002075,748861
4,988,200.0,23.97780179977417,749379
4,989,200.0,12.13754415512085,749628
4,990,0,114.01858878135681,752052
4,991,200.0,23.19481086730957,752528
4,992,200.0,11.793818473815918,752755
4,993,200.0,5.842827081680298,752872
4,994,200.0,9.333466291427612,753051
4,995,200.0,18.821881532669067,753416
4,996,200.0,35.74187135696411,754172
4,997,0,116.18016934394836,756630
4,998,200.0,16.863645315170288,756948
4,999,200.0,31.450764417648315,757631
4,1000,200.0,12.437143087387085,757889
4,1001,200.0,29.162367820739746,758504
4,1002,200.0,11.963459968566895,758748
4,1003,200.0,15.915835857391357,759072
4,1004,200.0,33.919081926345825,759767
4,1005,200.0,55.04998302459717,760907
4,1006,200.0,40.48987936973572,761767
4,1007,200.0,22.26794123649597,762208
4,1008,0,110.13845419883728,764493
4,1009,200.0,35.95094084739685,765211
4,1010,200.0,13.753049850463867,765485
4,1011,200.0,44.434059858322144,766352
4,1012,-20.0,38.315465688705444,767123
4,1013,200.0,26.525448083877563,767623
4,1014,200.0,21.580241918563843,768075
4,1015,200.0,18.049827098846436,768444
4,1016,200.0,20.92457604408264,768870
4,1017,200.0,37.985199213027954,769612
4,1018,200.0,6.370583534240723,769720
4,1019,200.0,15.396349668502808,770022
4,1020,-20.0,81.44855880737305,771702
4,1021,200.0,35.220417976379395,772468
4,1022,200.0,12.628725051879883,772730
4,1023,200.0,11.152312755584717,772939
4,1024,200.0,19.904775142669678,773329
4,1025,0,110.60541319847107,775654
4,1026,200.0,16.2198007106781,775979
4,1027,200.0,13.731182336807251,776265
4,1028,200.0,15.286100625991821,776572
4,1029,0,111.05926537513733,778797
4,1030,200.0,11.687808752059937,779032
4,1031,200.0,16.799468755722046,779362
4,1032,200.0,41.170844316482544,780135
4,1033,200.0,12.937942028045654,780378
4,1034,200.0,33.29732704162598,781036
4,1035,200.0,13.328856229782104,781272
4,1036,200.0,16.13778042793274,781635
4,1037,200.0,18.987154960632324,782012
4,1038,0,112.71985268592834,784306
4,1039,200.0,109.9221658706665,786502
4,1040,200.0,6.902118921279907,786617
4,1041,0,110.45006346702576,788880
4,1042,200.0,10.710488080978394,789101
4,1043,-20.0,47.19855523109436,790116
4,1044,200.0,16.66849422454834,790461
4,1045,200.0,17.679384231567383,790813
4,1046,0,112.94207382202148,793072
4,1047,200.0,23.459139347076416,793556
4,1048,200.0,36.636595487594604,794260
4,1049,200.0,19.934170246124268,794617
4,1050,200.0,29.73453450202942,795246
4,1051,200.0,19.37592315673828,795644
4,1052,200.0,9.524303913116455,795846
4,1053,200.0,12.964271306991577,796123
4,1054,200.0,16.41459035873413,796470
4,1055,200.0,6.035805702209473,796593
4,1056,200.0,35.55912113189697,797271
4,1057,200.0,14.417296648025513,797557
4,1058,200.0,13.090445518493652,797843
4,1059,200.0,16.69358253479004,798188
4,1060,200.0,20.945079565048218,798592
4,1061,200.0,13.97162389755249,798869
4,1062,200.0,85.91213917732239,800613
4,1063,200.0,20.77193307876587,801019
4,1064,200.0,11.635639667510986,801243
4,1065,200.0,14.062621831893921,801529
4,1066,200.0,59.016435861587524,802759
4,1067,200.0,16.759438276290894,803102
4,1068,200.0,49.2381317615509,804127
4,1069,200.0,18.00711417198181,804475
4,1070,200.0,29.815051317214966,805100
4,1071,200.0,17.42862629890442,805417
4,1072,200.0,45.65298080444336,806353
4,1073,200.0,16.372629642486572,806682
4,1074,200.0,22.36255669593811,807113
4,1075,200.0,21.441941261291504,807510
4,1076,200.0,24.02570676803589,807974
4,1077,200.0,22.711158275604248,808409
4,1078,200.0,22.36360216140747,808882
4,1079,200.0,23.359227657318115,809359
4,1080,200.0,31.454334020614624,809988
4,1081,200.0,21.409932136535645,810436
4,1082,200.0,16.96060824394226,810753
4,1083,200.0,9.142856359481812,810931
4,1084,200.0,33.808669567108154,811618
4,1085,0,110.78976893424988,813965
4,1086,200.0,28.719435930252075,814587
4,1087,200.0,16.978676795959473,814911
4,1088,200.0,13.900871992111206,815185
4,1089,200.0,21.38867425918579,815635
4,1090,200.0,14.115653991699219,815907
4,1091,200.0,10.050025463104248,816109
4,1092,200.0,27.540509939193726,816675
4,1093,200.0,108.39015436172485,818874
4,1094,200.0,20.5415940284729,819298
4,1095,200.0,45.237144947052,820265
4,1096,200.0,23.676687717437744,820742
4,1097,200.0,16.15351152420044,821069
4,1098,200.0,12.976716041564941,821325
4,1099,200.0,40.845850229263306,822152
4,1100,200.0,11.134219408035278,822330
4,1101,200.0,20.46317410469055,822744
4,1102,200.0,12.37734055519104,822984
4,1103,200.0,10.279086351394653,823200
4,1104,200.0,18.83381938934326,823589
4,1105,200.0,7.752009391784668,823755
4,1106,200.0,13.112667083740234,824027
4,1107,200.0,18.14062786102295,824358
4,1108,200.0,22.39920139312744,824785
4,1109,200.0,8.445650100708008,824942
4,1110,200.0,10.750339031219482,825172
4,1111,200.0,17.231111764907837,825516
4,1112,200.0,39.924641847610474,826241
4,1113,200.0,20.47873568534851,826613
4,1114,-20.0,51.70436477661133,827686
4,1115,200.0,23.631985425949097,828157
4,1116,200.0,13.73636507987976,828425
4,1117,200.0,14.437477588653564,828708
4,1118,200.0,47.64808368682861,829670
4,1119,200.0,48.58090424537659,830687
4,1120,200.0,10.597865343093872,830892
4,1121,200.0,14.372901439666748,831169
4,1122,200.0,23.829171895980835,831617
4,1123,200.0,92.74992656707764,833507
4,1124,200.0,4.932718753814697,833604
4,1125,200.0,7.3583292961120605,833729
4,1126,200.0,19.314215898513794,834124
4,1127,200.0,19.701502084732056,834496
4,1128,200.0,12.479882001876831,834740
4,1129,200.0,28.131694316864014,835290
4,1130,200.0,12.248976230621338,835529
4,1131,200.0,22.616975784301758,835988
4,1132,200.0,12.236787796020508,836238
4,1133,200.0,27.778192281723022,836790
4,1134,0,115.15237379074097,839078
4,1135,200.0,28.841171979904175,839658
4,1136,0,112.8250482082367,842042
4,1137,200.0,23.99655771255493,842523
4,1138,200.0,11.773131608963013,842743
4,1139,200.0,15.413516759872437,843075
4,1140,200.0,23.505725145339966,843542
4,1141,200.0,31.28317093849182,844214
4,1142,200.0,13.12423825263977,844485
4,1143,200.0,15.000194072723389,844800
4,1144,200.0,5.483602523803711,844912
4,1145,200.0,15.33152985572815,845179
4,1146,200.0,35.70069622993469,845873
4,1147,200.0,3.8307440280914307,845935
4,1148,200.0,18.248899698257446,846301
4,1149,0,109.51129174232483,848594
4,1150,200.0,40.39014410972595,849411
4,1151,200.0,15.167998552322388,849720
4,1152,200.0,8.608605861663818,849889
4,1153,200.0,20.54246950149536,850287
4,1154,200.0,15.890301942825317,850591
4,1155,200.0,9.02532172203064,850764
4,1156,200.0,18.02331018447876,851131
4,1157,200.0,13.468132734298706,851398
4,1158,200.0,10.948026180267334,851614
4,1159,200.0,15.616476774215698,851905
4,1160,200.0,17.29612445831299,852218
4,1161,200.0,15.106724500656128,852517
4,1162,200.0,27.26966643333435,853051
4,1163,200.0,14.335330724716187,853317
4,1164,200.0,12.541080951690674,853569
4,1165,200.0,4.161410093307495,853652
4,1166,200.0,57.18546223640442,854776
4,1167,200.0,10.945721626281738,854982
4,1168,200.0,10.513888597488403,855176
4,1169,200.0,14.24921178817749,855483
4,1170,-20.0,52.42790508270264,856509
4,1171,200.0,12.658007621765137,856761
4,1172,200.0,21.60415267944336,857200
4,1173,200.0,8.467598915100098,857351
4,1174,200.0,12.741353988647461,857597
4,1175,200.0,16.367895126342773,857897
4,1176,200.0,25.847527742385864,858407
4,1177,200.0,12.028558015823364,858654
4,1178,200.0,20.136836767196655,859057
4,1179,200.0,16.237144708633423,859371
4,1180,200.0,12.45932912826538,859589
4,1181,200.0,18.58946418762207,859969
4,1182,200.0,19.118188619613647,860342
4,1183,200.0,32.673983097076416,860988
4,1184,200.0,19.814984798431396,861383
4,1185,200.0,27.026408195495605,861960
4,1186,-20.0,42.60066342353821,862833
4,1187,200.0,16.577797174453735,863155
4,1188,200.0,17.309741973876953,863477
4,1189,200.0,14.236705541610718,863746
4,1190,200.0,13.996949911117554,864036
4,1191,200.0,18.65823197364807,864397
4,1192,200.0,20.17426896095276,864781
4,1193,200.0,15.389614820480347,865123
4,1194,200.0,14.049648761749268,865413
4,1195,200.0,14.266607999801636,865703
4,1196,200.0,13.546876430511475,865963
4,1197,200.0,19.922932147979736,866360
4,1198,200.0,77.15629315376282,867945
4,1199,200.0,13.358200311660767,868221
4,1200,200.0,13.007321834564209,868483
4,1201,200.0,13.523154973983765,868761
4,1202,0,118.32641625404358,871121
4,1203,200.0,8.518795490264893,871287
4,1204,200.0,20.303020238876343,871728
4,1205,200.0,38.155940532684326,872519
4,1206,200.0,29.767327070236206,873116
4,1207,200.0,18.937278747558594,873475
4,1208,200.0,12.4856538772583,873718
4,1209,200.0,6.066542148590088,873797
4,1210,0,116.1899836063385,876225
4,1211,200.0,87.86990666389465,877962
4,1212,200.0,47.19937252998352,878922
4,1213,200.0,23.25524139404297,879370
4,1214,200.0,16.81871199607849,879686
4,1215,200.0,6.850355625152588,879818
4,1216,200.0,9.424906253814697,879986
4,1217,-20.0,90.64192533493042,881854
4,1218,200.0,25.243058443069458,882375
4,1219,200.0,25.974485397338867,882898
4,1220,200.0,12.135595083236694,883141
4,1221,200.0,17.200928926467896,883477
4,1222,200.0,8.45493459701538,883645
4,1223,200.0,2.331540584564209,883677
4,1224,200.0,11.609533309936523,883897
4,1225,200.0,27.78459143638611,884439
4,1226,200.0,15.054634809494019,884731
4,1227,200.0,13.496383428573608,885011
4,1228,200.0,2.7883963584899902,885060
4,1229,200.0,8.595123052597046,885237
4,1230,200.0,20.339778423309326,885652
4,1231,200.0,7.733729839324951,885794
4,1232,200.0,24.595182418823242,886297
4,1233,200.0,63.72802662849426,887600
4,1234,200.0,23.664878606796265,888085
4,1235,200.0,5.340325832366943,888190
4,1236,200.0,85.63650870323181,889907
4,1237,200.0,2.2638704776763916,889940
4,1238,200.0,19.346426725387573,890317
4,1239,200.0,9.016727924346924,890487
4,1240,0,113.12663841247559,892837
4,1241,200.0,12.802775382995605,893093
4,1242,200.0,29.63858151435852,893734
4,1243,200.0,6.617668628692627,893864
4,1244,200.0,44.7323522567749,894820
4,1245,200.0,14.644798278808594,895107
4,1246,200.0,17.896212577819824,895480
4,1247,200.0,10.087565898895264,895680
4,1248,200.0,11.58383560180664,895915
4,1249,200.0,14.975512266159058,896211
4,1250,200.0,26.624027967453003,896719
4,1251,200.0,18.272652626037598,897093
4,1252,200.0,6.618679046630859,897224
4,1253,200.0,12.433552503585815,897467
4,1254,200.0,14.221707582473755,897739
4,1255,200.0,84.08234477043152,899424
4,1256,200.0,15.146990299224854,899721
4,1257,200.0,34.43771839141846,900420
4,1258,-20.0,60.75017547607422,901647
4,1259,200.0,32.64137244224548,902272
4,1260,200.0,14.05189299583435,902529
4,1261,200.0,16.05909013748169,902812
4,1262,200.0,11.22165846824646,903025
4,1263,200.0,17.124175310134888,903359
4,1264,200.0,20.417344570159912,903769
4,1265,0,115.71974229812622,906080
4,1266,200.0,29.80241084098816,906672
4,1267,200.0,24.594130754470825,907191
4,1268,200.0,67.80794048309326,908561
4,1269,200.0,13.039507865905762,908818
4,1270,200.0,12.752429962158203,909062
4,1271,200.0,7.022948980331421,909187
4,1272,200.0,12.64012336730957,909424
4,1273,200.0,14.242891073226929,909707
4,1274,200.0,16.010172367095947,910016
4,1275,200.0,13.297657489776611,910268
4,1276,200.0,14.175214052200317,910543
4,1277,200.0,15.878209114074707,910879
4,1278,200.0,9.9747314453125,911083
4,1279,200.0,24.680601119995117,911576
4,1280,200.0,9.33927869796753,911762
4,1281,200.0,23.444016218185425,912215
4,1282,-20.0,60.45171785354614,913359
4,1283,200.0,11.560984373092651,913568
4,1284,200.0,28.777859449386597,914147
4,1285,200.0,11.709223747253418,914364
4,1286,200.0,14.274724960327148,914628
4,1287,200.0,10.485291719436646,914828
4,1288,200.0,22.90172028541565,915328
4,1289,200.0,18.54183340072632,915728
4,1290,200.0,28.138781785964966,916307
4,1291,200.0,19.564557790756226,916694
4,1292,200.0,7.7601189613342285,916832
4,1293,200.0,9.759110689163208,917037
4,1294,200.0,17.663814067840576,917391
4,1295,200.0,19.22782874107361,917765
4,1296,200.0,9.537261247634888,917931
4,1297,200.0,21.843810081481934,918354
4,1298,200.0,16.89059853553772,918683
4,1299,200.0,14.746384620666504,918971
4,1300,200.0,17.06304907798767,919326
4,1301,200.0,41.060065507888794,920130
4,1302,200.0,23.281205415725708,920582
4,1303,200.0,20.170825719833374,920957
4,1304,200.0,20.46752953529358,921346
4,1305,200.0,17.274282693862915,921687
4,1306,200.0,18.065978527069092,922060
4,1307,200.0,8.847732543945312,922203
4,1308,200.0,14.415136814117432,922475
4,1309,200.0,9.403742551803589,922653
4,1310,200.0,15.027744770050049,922941
4,1311,200.0,19.36539101600647,923310
4,1312,200.0,5.721150159835815,923430
4,1313,200.0,10.106530904769897,923601
4,1314,200.0,8.995914220809937,923785
4,1315,200.0,18.676276922225952,924136
4,1316,200.0,13.816991806030273,924404
4,1317,200.0,18.612629175186157,924759
4,1318,200.0,17.340495347976685,925089
4,1319,200.0,5.846900939941406,925202
4,1320,200.0,4.3718485832214355,925284
4,1321,200.0,31.01216197013855,925890
4,1322,0,117.65608596801758,928211
4,1323,200.0,10.889730215072632,928395
4,1324,200.0,8.017630338668823,928540
4,1325,200.0,23.36435604095459,928994
4,1326,200.0,14.397205352783203,929271
4,1327,200.0,11.962128639221191,929503
4,1328,200.0,103.14003539085388,931431
4,1329,200.0,21.02013874053955,931851
4,1330,200.0,13.879562616348267,932105
4,1331,200.0,21.490711212158203,932515
4,1332,200.0,11.316063642501831,932710
4,1333,200.0,15.960344552993774,933008
4,1334,200.0,95.36843347549438,934984
4,1335,200.0,19.368916511535645,935347
4,1336,200.0,16.131314277648926,935650
4,1337,200.0,3.380899667739868,935701
4,1338,200.0,11.233227968215942,935926
4,1339,200.0,12.27282428741455,936187
4,1340,200.0,47.41685509681702,937155
4,1341,200.0,24.290563583374023,937630
4,1342,200.0,21.775872707366943,938074
4,1343,0,114.60778975486755,940443
4,1344,200.0,11.802055358886719,940661
4,1345,0,114.65321564674377,943089
4,1346,200.0,13.791474103927612,943368
4,1347,200.0,8.268743753433228,943533
4,1348,200.0,10.393433809280396,943738
4,1349,0,112.32348155975342,946004
4,1350,200.0,12.3677396774292,946252
4,1351,200.0,11.920165300369263,946486
4,1352,200.0,16.935660362243652,946814
4,1353,200.0,17.622884035110474,947152
4,1354,200.0,11.979984521865845,947397
4,1355,200.0,21.117075443267822,947805
4,1356,200.0,16.715089559555054,948140
4,1357,200.0,24.751243829727173,948646
4,1358,200.0,22.711315393447876,949114
4,1359,200.0,15.232301712036133,949431
4,1360,-20.0,85.34042239189148,951196
4,1361,200.0,25.286873817443848,951701
4,1362,200.0,18.610280752182007,952096
4,1363,200.0,115.55860233306885,954437
4,1364,200.0,10.973274230957031,954670
4,1365,200.0,18.839106798171997,955042
4,1366,200.0,13.095566749572754,955289
4,1367,0,111.24313950538635,957532
4,1368,200.0,27.50390315055847,958098
4,1369,200.0,14.14955449104309,958367
4,1370,200.0,25.99552035331726,958874
4,1371,200.0,32.799511194229126,959533
4,1372,200.0,8.131695032119751,959692
4,1373,-20.0,14.752918481826782,959976
4,1374,200.0,9.700171709060669,960164
4,1375,200.0,15.22704029083252,960454
4,1376,200.0,33.1264226436615,961116
4,1377,200.0,18.48427724838257,961482
4,1378,200.0,12.461664199829102,961739
4,1379,200.0,13.473152875900269,961995
4,1380,200.0,11.271298885345459,962219
4,1381,200.0,29.374225854873657,962797
4,1382,200.0,33.68456196784973,963437
4,1383,200.0,23.55662965774536,963885
4,1384,0,107.67653942108154,966064
4,1385,200.0,20.196279525756836,966458
4,1386,200.0,12.02914309501648,966675
4,1387,0,108.16353797912598,968925
4,1388,200.0,24.109334230422974,969406
4,1389,200.0,17.603665590286255,969731
4,1390,200.0,17.409026384353638,970080
4,1391,200.0,28.480311632156372,970647
4,1392,200.0,8.011745691299438,970804
4,1393,200.0,9.370890855789185,970985
4,1394,200.0,11.666398763656616,971234
4,1395,200.0,12.541117191314697,971486
4,1396,200.0,12.57145380973816,971717
4,1397,200.0,13.414328575134277,971978
4,1398,200.0,11.985526084899902,972200
4,1399,200.0,17.662641048431396,972497
4,1400,200.0,17.732954502105713,972846
4,1401,200.0,19.26616621017456,973201
4,1402,200.0,20.803457260131836,973608
4,1403,200.0,15.828225374221802,973910
4,1404,200.0,44.25253748893738,974764
4,1405,200.0,18.19543957710266,975115
4,1406,200.0,12.204839944839478,975352
4,1407,200.0,20.27286648750305,975792
4,1408,200.0,14.281323194503784,976052
4,1409,-20.0,15.897231578826904,976359
4,1410,200.0,11.825927972793579,976586
4,1411,200.0,13.201605081558228,976843
4,1412,200.0,8.739723920822144,977002
4,1413,200.0,21.874438047409058,977433
4,1414,200.0,21.396626949310303,977884
4,1415,200.0,14.542441844940186,978200
4,1416,200.0,19.109389543533325,978589
4,1417,200.0,19.353352308273315,978999
4,1418,200.0,17.78041911125183,979358
4,1419,200.0,17.08227014541626,979718
4,1420,200.0,56.73394417762756,980823
4,1421,200.0,14.330818891525269,981113
4,1422,200.0,14.75303316116333,981410
4,1423,200.0,13.361579895019531,981694
4,1424,200.0,26.988806009292603,982246
4,1425,200.0,62.26999878883362,983542
4,1426,0,111.07698822021484,985811
4,1427,0,115.27322340011597,988121
4,1428,200.0,17.0609450340271,988436
4,1429,200.0,25.530313968658447,988959
4,1430,200.0,5.971334457397461,989057
4,1431,200.0,18.953256368637085,989435
4,1432,200.0,17.744438409805298,989772
4,1433,200.0,45.00558257102966,990662
4,1434,200.0,14.623175382614136,990957
4,1435,200.0,15.898349046707153,991294
4,1436,200.0,12.175848960876465,991536
4,1437,200.0,19.649014234542847,991923
4,1438,200.0,16.063091278076172,992223
4,1439,200.0,15.001661539077759,992533
4,1440,200.0,31.54925012588501,993176
4,1441,0,114.05467128753662,995386
4,1442,200.0,16.495807886123657,995704
4,1443,200.0,2.7276477813720703,995750
4,1444,200.0,16.960671186447144,996078
4,1445,200.0,5.254594087600708,996186
4,1446,200.0,16.268015146255493,996503
4,1447,200.0,13.695679426193237,996775
4,1448,200.0,11.424220323562622,997006
4,1449,200.0,14.427178859710693,997285
4,1450,200.0,17.840149641036987,997639
4,1451,200.0,14.522102355957031,997916
4,1452,200.0,18.97097158432007,998281
4,1453,200.0,81.52085518836975,999909
4,1454,200.0,23.75533962249756,1000375
4,1455,200.0,15.594863653182983,1000695
4,1456,200.0,9.932781219482422,1000872
4,1457,200.0,20.34687304496765,1001296
4,1458,200.0,19.37312150001526,1001686
4,1459,200.0,12.639561653137207,1001947
4,1460,200.0,20.266582012176514,1002352
4,1461,200.0,11.115605354309082,1002563
4,1462,200.0,4.741056442260742,1002646
4,1463,200.0,6.399889230728149,1002768
4,1464,200.0,16.480893850326538,1003075
4,1465,200.0,10.544780492782593,1003251
4,1466,200.0,35.96462869644165,1003957
4,1467,200.0,18.090932846069336,1004317
4,1468,200.0,22.4923095703125,1004781
4,1469,200.0,13.06743574142456,1005051
4,1470,200.0,19.25712561607361,1005444
4,1471,200.0,33.42878794670105,1006168
4,1472,200.0,13.78111720085144,1006451
4,1473,200.0,35.19328045845032,1007165
4,1474,200.0,2.9585678577423096,1007211
4,1475,200.0,29.934327363967896,1007770
4,1476,200.0,15.07836651802063,1008072
4,1477,200.0,10.689241886138916,1008264
4,1478,200.0,13.475173234939575,1008504
4,1479,200.0,13.11739444732666,1008785
4,1480,200.0,16.3271644115448,1009112
4,1481,200.0,29.90271782875061,1009681
4,1482,200.0,10.627128601074219,1009878
4,1483,200.0,32.568312883377075,1010557
4,1484,200.0,42.663801431655884,1011448
4,1485,200.0,12.531525135040283,1011681
4,1486,200.0,34.12934422492981,1012364
4,1487,200.0,7.624342679977417,1012512
4,1488,200.0,36.87572360038757,1013261
4,1489,200.0,113.59056782722473,1015518
4,1490,200.0,12.79947018623352,1015746
4,1491,200.0,15.960655450820923,1016064
4,1492,200.0,12.708440065383911,1016322
4,1493,200.0,7.570798397064209,1016456
4,1494,200.0,15.765872240066528,1016725
4,1495,200.0,16.490431547164917,1017049
4,1496,200.0,5.041658163070679,1017128
4,1497,200.0,109.11235332489014,1019303
4,1498,200.0,61.48596429824829,1020471
4,1499,200.0,14.010469913482666,1020732
4,1500,0,118.70785665512085,1023117
4,1501,200.0,25.30830454826355,1023634
4,1502,200.0,13.098424434661865,1023883
4,1503,200.0,38.35791325569153,1024624
4,1504,200.0,6.677623510360718,1024733
4,1505,200.0,18.09193253517151,1025042
4,1506,200.0,7.407156705856323,1025193
4,1507,0,115.2379822731018,1027489
4,1508,200.0,14.852671146392822,1027786
4,1509,200.0,23.89427947998047,1028244
4,1510,200.0,18.286078691482544,1028591
4,1511,-20.0,41.46392750740051,1029442
4,1512,200.0,13.053033590316772,1029691
4,1513,200.0,8.418904066085815,1029868
4,1514,200.0,18.046132564544678,1030210
4,1515,200.0,20.416224718093872,1030610
4,1516,200.0,16.24481749534607,1030926
4,1517,200.0,15.003748655319214,1031205
4,1518,200.0,12.22183609008789,1031414
4,1519,200.0,28.59747314453125,1031944
4,1520,200.0,13.053470611572266,1032218
4,1521,200.0,65.34985542297363,1033551
4,1522,200.0,13.950639724731445,1033813
4,1523,200.0,26.830322742462158,1034321
4,1524,200.0,17.36786723136902,1034662
4,1525,200.0,9.032613515853882,1034846
4,1526,200.0,16.095249891281128,1035153
4,1527,0,120.0143084526062,1037578
4,1528,200.0,32.22099542617798,1038232
4,1529,200.0,66.20760345458984,1039565
4,1530,0,115.57689809799194,1041846
4,1531,200.0,24.578681468963623,1042323
4,1532,200.0,54.779117584228516,1043424
4,1533,200.0,15.684211015701294,1043724
4,1534,200.0,29.08820915222168,1044314
4,1535,200.0,16.84294295310974,1044629
4,1536,200.0,12.245574951171875,1044852
4,1537,200.0,13.89000129699707,1045143
4,1538,200.0,16.50929021835327,1045467
4,1539,200.0,18.617661714553833,1045834
4,1540,200.0,14.008877992630005,1046094
4,1541,200.0,5.567312240600586,1046192
4,1542,200.0,15.944087982177734,1046508
4,1543,200.0,15.135512828826904,1046833
4,1544,200.0,14.12577486038208,1047099
4,1545,200.0,22.091585397720337,1047511
4,1546,200.0,5.890931844711304,1047618
4,1547,200.0,13.025407075881958,1047885
4,1548,200.0,18.710864782333374,1048247
4,1549,200.0,21.64119863510132,1048666
4,1550,200.0,26.872451305389404,1049151
4,1551,-20.0,46.9353768825531,1050075
4,1552,200.0,24.609126091003418,1050591
4,1553,-20.0,47.75733995437622,1051533
4,1554,200.0,8.531675815582275,1051674
4,1555,200.0,15.073202133178711,1051963
4,1556,200.0,18.972208499908447,1052345
4,1557,200.0,21.80152416229248,1052771
4,1558,200.0,25.267611503601074,1053258
4,1559,200.0,9.834163665771484,1053436
4,1560,200.0,23.39262080192566,1053887
4,1561,200.0,35.15538692474365,1054548
4,1562,200.0,12.976846933364868,1054756
4,1563,200.0,16.272003889083862,1055094
4,1564,200.0,45.72808384895325,1056028
4,1565,200.0,16.839340925216675,1056354
4,1566,200.0,24.050119161605835,1056844
4,1567,200.0,54.00720405578613,1057854
4,1568,200.0,2.850755453109741,1057891
4,1569,200.0,15.942156314849854,1058184
4,1570,200.0,15.394490957260132,1058501
4,1571,200.0,17.12931180000305,1058799
4,1572,200.0,16.37227511405945,1059121
4,1573,200.0,20.57064151763916,1059520
4,1574,200.0,7.930248737335205,1059666
4,1575,200.0,13.299085855484009,1059907
4,1576,200.0,99.58754110336304,1061878
4,1577,200.0,16.859558582305908,1062193
4,1578,200.0,14.067874431610107,1062439
4,1579,200.0,4.124486923217773,1062498
4,1580,200.0,27.291988134384155,1063008
4,1581,200.0,2.6235249042510986,1063023
4,1582,200.0,8.733048677444458,1063195
4,1583,200.0,14.380013465881348,1063462
4,1584,200.0,24.648187160491943,1063922
4,1585,200.0,32.226011991500854,1064567
4,1586,200.0,12.937631130218506,1064818
4,1587,200.0,22.227601289749146,1065228
4,1588,200.0,14.55371642112732,1065498
4,1589,200.0,16.01246690750122,1065806
4,1590,200.0,13.250065088272095,1066058
4,1591,-20.0,49.592041969299316,1067007
4,1592,200.0,7.828942537307739,1067135
4,1593,200.0,28.145331144332886,1067693
4,1594,200.0,9.448165893554688,1067850
4,1595,200.0,14.906080961227417,1068106
4,1596,200.0,16.077853441238403,1068403
4,1597,200.0,8.876826047897339,1068569
4,1598,0,120.34790277481079,1070907
4,1599,200.0,19.45028328895569,1071297
4,1600,200.0,19.496566772460938,1071663
4,1601,200.0,11.307848930358887,1071884
4,1602,200.0,8.911085605621338,1072036
4,1603,200.0,21.345736026763916,1072441
4,1604,200.0,30.39505410194397,1072998
4,1605,200.0,20.73709774017334,1073407
4,1606,200.0,43.353394508361816,1074234
4,1607,200.0,13.717963695526123,1074495
4,1608,200.0,77.88743782043457,1075986
4,1609,200.0,22.08763074874878,1076408
4,1610,200.0,14.97260332107544,1076691
4,1611,200.0,16.43623185157776,1077007
4,1612,200.0,9.321869134902954,1077195
4,1613,200.0,14.10816502571106,1077473
4,1614,200.0,77.54475855827332,1079030
4,1615,200.0,22.529568195343018,1079481
4,1616,200.0,7.87296199798584,1079641
4,1617,200.0,23.22035551071167,1080125
4,1618,200.0,55.665132999420166,1081146
4,1619,-20.0,60.91919302940369,1082329
4,1620,0,119.14083003997803,1084703
4,1621,200.0,12.812492370605469,1084951
4,1622,200.0,12.816389083862305,1085194
4,1623,200.0,9.44649863243103,1085362
4,1624,200.0,15.825183629989624,1085679
4,1625,200.0,24.399787664413452,1086125
4,1626,200.0,12.074513673782349,1086340
4,1627,200.0,19.923736810684204,1086717
4,1628,200.0,13.093480110168457,1086970
4,1629,200.0,16.204597234725952,1087263
4,1630,200.0,23.39864993095398,1087702
4,1631,200.0,17.152387857437134,1088031
4,1632,200.0,8.375208377838135,1088193
4,1633,200.0,13.679968118667603,1088446
4,1634,200.0,65.81725978851318,1089762
4,1635,200.0,50.021255016326904,1090710
4,1636,200.0,9.630078554153442,1090887
4,1637,200.0,5.329193115234375,1090992
4,1638,200.0,13.552536964416504,1091249
4,1639,200.0,10.264313220977783,1091435
4,1640,200.0,16.43809747695923,1091748
4,1641,200.0,13.322380542755127,1092011
4,1642,200.0,31.554134368896484,1092631
4,1643,200.0,9.033669233322144,1092811
4,1644,200.0,13.171444416046143,1093043
4,1645,200.0,14.065540790557861,1093338
4,1646,200.0,16.60679340362549,1093669
4,1647,200.0,20.640196800231934,1094051
4,1648,200.0,18.710710287094116,1094373
4,1649,200.0,11.81247878074646,1094586
4,1650,200.0,52.256633043289185,1095576
4,1651,200.0,2.684541940689087,1095616
4,1652,200.0,14.203210353851318,1095910
4,1653,200.0,10.437795162200928,1096088
4,1654,200.0,12.73195219039917,1096320
4,1655,200.0,23.53571057319641,1096755
4,1656,200.0,12.47097134590149,1096992
4,1657,200.0,57.548256635665894,1098141
4,1658,200.0,15.329485416412354,1098408
4,1659,200.0,95.37129712104797,1100377
4,1660,200.0,14.239712238311768,1100642
4,1661,200.0,28.814203023910522,1101217
4,1662,200.0,8.011975049972534,1101382
4,1663,200.0,13.19005298614502,1101625
4,1664,200.0,23.071044921875,1102064
4,1665,200.0,20.960263967514038,1102473
4,1666,200.0,17.903608322143555,1102817
4,1667,200.0,14.886656761169434,1103128
4,1668,200.0,20.22412133216858,1103510
4,1669,200.0,11.461101293563843,1103738
4,1670,200.0,18.789668560028076,1104086
4,1671,200.0,25.629149436950684,1104580
4,1672,200.0,5.926356315612793,1104671
4,1673,200.0,5.017685890197754,1104756
4,1674,200.0,22.20825719833374,1105153
4,1675,200.0,17.21329402923584,1105488
4,1676,200.0,14.478550672531128,1105738
4,1677,200.0,17.170450687408447,1106073
4,1678,200.0,7.848990440368652,1106230
4,1679,200.0,11.796324968338013,1106449
4,1680,200.0,10.581904172897339,1106659
4,1681,200.0,13.865198135375977,1106913
4,1682,200.0,16.66108775138855,1107246
4,1683,200.0,13.64606237411499,1107521
4,1684,200.0,17.411566734313965,1107864
4,1685,200.0,4.317622184753418,1107945
4,1686,200.0,23.228086948394775,1108420
4,1687,200.0,17.221696138381958,1108754
4,1688,200.0,17.279014110565186,1109109
4,1689,200.0,6.607764005661011,1109230
4,1690,200.0,17.223318099975586,1109562
4,1691,200.0,4.3055431842803955,1109643
4,1692,200.0,13.621068954467773,1109899
4,1693,200.0,14.817028284072876,1110176
4,1694,200.0,8.199865341186523,1110328
4,1695,200.0,14.420133113861084,1110592
4,1696,200.0,7.0974109172821045,1110735
4,1697,-20.0,38.34251022338867,1111463
4,1698,200.0,23.30052351951599,1111911
4,1699,200.0,71.44059228897095,1113312
4,1700,200.0,22.30186128616333,1113748
4,1701,200.0,10.74028491973877,1113947
4,1702,200.0,64.82674741744995,1115223
4,1703,200.0,11.967470645904541,1115431
4,1704,200.0,55.439738750457764,1116521
4,1705,200.0,13.409883499145508,1116765
4,1706,200.0,12.165271043777466,1116988
4,1707,200.0,12.161828756332397,1117224
4,1708,200.0,12.53152060508728,1117495
4,1709,0,112.52993083000183,1119740
4,1710,200.0,19.489080667495728,1120095
4,1711,200.0,14.700642824172974,1120356
4,1712,200.0,39.76308083534241,1121102
4,1713,200.0,16.389583587646484,1121383
4,1714,200.0,29.705843448638916,1121976
4,1715,200.0,18.446879386901855,1122330
4,1716,200.0,25.380573272705078,1122774
4,1717,200.0,8.213067293167114,1122931
4,1718,200.0,16.86385726928711,1123268
4,1719,200.0,11.823880434036255,1123495
4,1720,200.0,17.101070880889893,1123837
4,1721,200.0,5.407029628753662,1123919
4,1722,0,113.72666120529175,1126202
4,1723,200.0,54.35090398788452,1127276
4,1724,200.0,13.09426212310791,1127526
4,1725,200.0,18.15375518798828,1127865
4,1726,200.0,23.979186296463013,1128325
4,1727,200.0,9.628423690795898,1128497
4,1728,200.0,17.840036153793335,1128830
4,1729,200.0,21.34158444404602,1129270
4,1730,200.0,16.749787092208862,1129630
4,1731,200.0,16.214820861816406,1129962
4,1732,200.0,19.61022114753723,1130347
4,1733,200.0,11.735066175460815,1130586
4,1734,200.0,11.930467367172241,1130837
4,1735,200.0,17.702646255493164,1131199
4,1736,200.0,5.769893407821655,1131314
4,1737,200.0,25.870360374450684,1131838
4,1738,200.0,11.147741079330444,1132028
4,1739,200.0,44.4144127368927,1132892
4,1740,-20.0,64.35093641281128,1134117
4,1741,200.0,44.29632782936096,1134944
4,1742,200.0,21.99475073814392,1135346
4,1743,200.0,14.924552202224731,1135622
4,1744,200.0,31.389358282089233,1136225
4,1745,200.0,34.534733295440674,1136931
4,1746,200.0,27.478827238082886,1137457
4,1747,200.0,17.479900121688843,1137790
4,1748,200.0,17.716229915618896,1138120
4,1749,200.0,28.3978533744812,1138692
4,1750,200.0,8.343906164169312,1138846
4,1751,-20.0,39.36500096321106,1139644
4,1752,-20.0,86.34461331367493,1141273
4,1753,200.0,18.81003451347351,1141645
4,1754,0,115.34294033050537,1143977
4,1755,200.0,26.287782192230225,1144505
4,1756,200.0,23.924585819244385,1144970
4,1757,200.0,8.049885034561157,1145144
4,1758,200.0,13.251262187957764,1145393
4,1759,200.0,17.40685486793518,1145737
4,1760,200.0,25.058955430984497,1146253
4,1761,200.0,22.772257089614868,1146663
4,1762,200.0,17.8381986618042,1147017
4,1763,200.0,102.73150897026062,1149113
4,1764,200.0,11.769424200057983,1149345
4,1765,200.0,21.0564444065094,1149757
4,1766,0,119.37620186805725,1152109
4,1767,200.0,21.025973320007324,1152502
4,1768,200.0,17.70214033126831,1152820
4,1769,200.0,20.699455976486206,1153217
4,1770,200.0,21.25826144218445,1153581
4,1771,200.0,20.510878324508667,1153968
4,1772,200.0,15.335478782653809,1154249
4,1773,200.0,4.855913877487183,1154340
4,1774,200.0,11.796393394470215,1154564
4,1775,200.0,16.35968589782715,1154879
4,1776,-20.0,48.365068435668945,1155830
4,1777,200.0,11.161295413970947,1156036
4,1778,200.0,15.060850620269775,1156350
4,1779,200.0,21.787514448165894,1156807
4,1780,200.0,16.605152368545532,1157137
4,1781,200.0,15.339934825897217,1157454
4,1782,200.0,25.1349515914917,1157937
4,1783,200.0,11.44052243232727,1158149
4,1784,200.0,15.348119497299194,1158451
4,1785,200.0,14.316567182540894,1158736
4,1786,200.0,21.709895849227905,1159160
4,1787,200.0,7.48148250579834,1159313
4,1788,200.0,31.319511651992798,1159922
4,1789,200.0,5.510561466217041,1160013
4,1790,200.0,10.379579305648804,1160235
4,1791,200.0,23.151029348373413,1160666
4,1792,200.0,18.52965259552002,1161021
4,1793,200.0,7.3824684619903564,1161178
4,1794,200.0,2.8939318656921387,1161228
4,1795,200.0,6.511271715164185,1161340
4,1796,200.0,17.63632607460022,1161677
4,1797,200.0,8.39185357093811,1161850
4,1798,200.0,2.862673282623291,1161892
4,1799,200.0,8.897231817245483,1162062
4,1800,200.0,29.23850989341736,1162601
4,1801,200.0,27.131269931793213,1163122
4,1802,200.0,14.750619173049927,1163393
4,1803,200.0,13.864518165588379,1163657
4,1804,200.0,15.698253154754639,1163956
4,1805,200.0,38.26974320411682,1164725
4,1806,200.0,12.097695589065552,1164938
4,1807,200.0,24.63703751564026,1165411
4,1808,200.0,57.666818141937256,1166564
4,1809,200.0,16.534899473190308,1166872
4,1810,200.0,2.881983518600464,1166924
4,1811,200.0,10.435074806213379,1167119
4,1812,200.0,12.712212085723877,1167361
4,1813,200.0,14.145379304885864,1167652
4,1814,200.0,10.037582159042358,1167820
4,1815,200.0,13.387879371643066,1168071
4,1816,200.0,14.599000215530396,1168316
4,1817,200.0,5.448785781860352,1168423
4,1818,200.0,29.862420558929443,1168987
4,1819,200.0,19.475094079971313,1169375
4,1820,200.0,22.2169291973114,1169820
4,1821,200.0,20.739669799804688,1170234
4,1822,200.0,10.720603466033936,1170445
4,1823,-20.0,59.15123748779297,1171637
4,1824,200.0,13.999002695083618,1171928
4,1825,200.0,34.06809139251709,1172642
4,1826,200.0,17.806462049484253,1172982
4,1827,200.0,16.55613088607788,1173302
4,1828,200.0,45.575780630111694,1174204
4,1829,200.0,23.923026084899902,1174662
4,1830,200.0,10.593107223510742,1174849
4,1831,200.0,11.582227945327759,1175064
4,1832,200.0,15.079310894012451,1175350
4,1833,200.0,3.637977123260498,1175416
4,1834,200.0,12.494493246078491,1175654
4,1835,200.0,6.792692184448242,1175796
4,1836,200.0,37.46582388877869,1176557
4,1837,200.0,17.931268215179443,1176909
4,1838,200.0,20.712422847747803,1177313
4,1839,0,114.9341127872467,1179611
4,1840,200.0,14.849226951599121,1179907
4,1841,200.0,7.184504508972168,1180037
4,1842,200.0,36.96735906600952,1180745
4,1843,0,116.8824052810669,1183082
4,1844,200.0,18.65239667892456,1183418
4,1845,200.0,13.992813348770142,1183700
4,1846,200.0,17.97558879852295,1184034
4,1847,200.0,41.32186555862427,1184851
4,1848,200.0,17.59817600250244,1185178
4,1849,200.0,9.49784779548645,1185352
4,1850,200.0,19.32317280769348,1185733
4,1851,200.0,18.580212593078613,1186085
4,1852,0,111.98745608329773,1188407
4,1853,0,108.18990087509155,1190586
4,1854,200.0,17.03764057159424,1190895
4,1855,200.0,17.529232025146484,1191216
4,1856,200.0,11.898285150527954,1191443
4,1857,200.0,10.857643604278564,1191652
4,1858,0,117.34285306930542,1194002
4,1859,200.0,11.392611980438232,1194239
4,1860,200.0,24.017792224884033,1194693
4,1861,200.0,14.654321193695068,1194984
4,1862,200.0,13.286898374557495,1195254
4,1863,200.0,8.56251311302185,1195422
4,1864,200.0,26.4332058429718,1195983
4,1865,200.0,12.058934688568115,1196201
4,1866,200.0,7.914146184921265,1196342
4,1867,200.0,29.200658082962036,1196864
4,1868,200.0,17.801878929138184,1197193
4,1869,200.0,2.9317526817321777,1197248
4,1870,200.0,19.352922677993774,1197614
4,1871,200.0,14.60925817489624,1197912
4,1872,200.0,11.592882633209229,1198126
4,1873,200.0,18.149702787399292,1198483
4,1874,200.0,25.23677682876587,1198970
4,1875,200.0,17.884641885757446,1199335
4,1876,200.0,20.170053720474243,1199733
4,1877,0,114.17564725875854,1202064
4,1878,200.0,20.385754823684692,1202451
4,1879,-20.0,40.366666078567505,1203228
4,1880,200.0,15.60631251335144,1203549
4,1881,200.0,15.430673599243164,1203845
4,1882,200.0,16.82031798362732,1204183
4,1883,200.0,19.59179425239563,1204577
4,1884,200.0,11.424461603164673,1204807
4,1885,200.0,19.522050619125366,1205190
4,1886,200.0,19.341463565826416,1205537
4,1887,200.0,46.055903673172,1206448
4,1888,200.0,12.086004495620728,1206678
4,1889,200.0,22.137495517730713,1207124
4,1890,200.0,13.65671157836914,1207401
4,1891,200.0,9.637084007263184,1207594
4,1892,200.0,11.379992961883545,1207832
4,1893,200.0,12.833039045333862,1208100
4,1894,200.0,4.307668924331665,1208187
4,1895,200.0,27.257447719573975,1208714
4,1896,200.0,19.209389209747314,1209089
4,1897,200.0,14.08834195137024,1209365
4,1898,200.0,17.038197994232178,1209700
4,1899,200.0,8.660316705703735,1209847
4,1900,200.0,14.751998901367188,1210143
4,1901,200.0,11.251355171203613,1210367
4,1902,200.0,29.894837856292725,1210968
4,1903,200.0,63.086122274398804,1212180
4,1904,200.0,4.111124753952026,1212231
4,1905,200.0,19.082547426223755,1212590
4,1906,200.0,27.195923805236816,1213117
4,1907,0,114.96910405158997,1215340
4,1908,200.0,62.962900161743164,1216545
4,1909,200.0,8.048533201217651,1216695
4,1910,200.0,9.979657173156738,1216872
4,1911,200.0,14.822640657424927,1217172
4,1912,200.0,16.16762137413025,1217503
4,1913,200.0,6.780087947845459,1217618
4,1914,200.0,26.949320077896118,1218118
4,1915,0,109.28159761428833,1220284
4,1916,200.0,14.97797966003418,1220565
4,1917,200.0,3.5680274963378906,1220622
4,1918,200.0,17.123576402664185,1220934
4,1919,200.0,15.347702264785767,1221217
4,1920,200.0,16.86432123184204,1221489
4,1921,200.0,18.178510904312134,1221839
4,1922,200.0,47.624629735946655,1222779
4,1923,200.0,11.755727767944336,1223005
4,1924,200.0,16.888649940490723,1223336
4,1925,200.0,14.937441110610962,1223608
4,1926,200.0,17.383427143096924,1223941
4,1927,200.0,18.619721174240112,1224306
4,1928,200.0,19.95524287223816,1224683
4,1929,200.0,21.903743505477905,1225133
4,1930,200.0,15.668759107589722,1225443
4,1931,200.0,14.51106595993042,1225717
4,1932,-20.0,53.495518922805786,1226338
