3,1,-20.0,33.88263416290283,216
3,2,-20.0,115.59812426567078,971
3,3,-20.0,24.344159364700317,1146
3,4,-20.0,23.649593114852905,1310
3,5,-20.0,22.388785123825073,1471
3,6,-20.0,27.818547010421753,1672
3,7,-20.0,27.26316237449646,1878
3,8,-20.0,103.06813526153564,2656
3,9,-20.0,99.82031726837158,3387
3,10,-20.0,99.40180850028992,4120
3,11,-20.0,28.873276233673096,4336
3,12,-20.0,28.230236291885376,4541
3,13,-20.0,25.76119565963745,4726
3,14,200.0,3.441391944885254,4746
3,15,-20.0,29.044508695602417,4961
3,16,-20.0,40.23386764526367,5257
3,17,-20.0,111.47589159011841,6097
3,18,-20.0,78.260746717453,6693
3,19,-20.0,73.59430027008057,7244
3,20,-20.0,102.06676387786865,8007
3,21,-20.0,99.718674659729,8763
3,22,-20.0,63.471532106399536,9239
3,23,-20.0,85.09486651420593,9883
3,24,-20.0,96.15654492378235,10606
3,25,-20.0,99.58808279037476,11360
3,26,-20.0,98.7619149684906,12101
3,27,-20.0,100.83840465545654,12860
3,28,-20.0,102.24207949638367,13626
3,29,200.0,33.652021408081055,13870
3,30,-20.0,97.0140790939331,14600
3,31,-20.0,170.3650541305542,15898
3,32,-20.0,184.46329927444458,17293
3,33,0,325.6627357006073,19783
3,34,-20.0,63.25036120414734,20257
3,35,-20.0,99.90287899971008,21013
3,36,-20.0,67.84659671783447,21527
3,37,200.0,33.41615962982178,21773
3,38,-20.0,87.52943015098572,22445
3,39,-20.0,103.31283974647522,23224
3,40,-20.0,76.16241192817688,23798
3,41,-20.0,100.79871702194214,24548
3,42,-20.0,105.94396591186523,25340
3,43,-20.0,97.12192821502686,26065
3,44,-20.0,105.40134334564209,26837
3,45,-20.0,114.19442844390869,27707
3,46,-20.0,99.03375911712646,28456
3,47,-20.0,97.44198656082153,29196
3,48,-20.0,101.281010389328,29958
3,49,-20.0,99.81159281730652,30711
3,50,-20.0,104.93243384361267,31485
3,51,-20.0,97.03307771682739,32226
3,52,-20.0,101.63213777542114,32995
3,53,-20.0,101.64834976196289,33749
3,54,-20.0,98.46910691261292,34486
3,55,-20.0,100.1558039188385,35237
3,56,-20.0,101.61490368843079,35994
3,57,-20.0,102.28475546836853,36755
3,58,200.0,2.8936028480529785,36773
3,59,-20.0,101.33019971847534,37546
3,60,-20.0,96.88638663291931,38297
3,61,-20.0,97.49048781394958,39033
3,62,-20.0,97.7730610370636,39784
3,63,-20.0,99.13114619255066,40519
3,64,-20.0,95.5000855922699,41262
3,65,-20.0,100.4294056892395,42025
3,66,-20.0,99.81188654899597,42779
3,67,-20.0,96.455082654953,43515
3,68,-20.0,98.99359631538391,44260
3,69,-20.0,102.29000091552734,45051
3,70,-20.0,98.00177431106567,45803
3,71,-20.0,101.8485758304596,46562
3,72,-20.0,97.1266520023346,47275
3,73,-20.0,98.62762713432312,48007
3,74,-20.0,96.33133697509766,48735
3,75,-20.0,93.41295862197876,49444
3,76,-20.0,101.11406111717224,50199
3,77,-20.0,99.591064453125,50951
3,78,-20.0,98.77556300163269,51693
3,79,-20.0,103.96959185600281,52456
3,80,-20.0,98.7691330909729,53208
3,81,-20.0,96.75208139419556,53942
3,82,-20.0,101.78621411323547,54709
3,83,-20.0,98.62815046310425,55451
3,84,-20.0,95.81328678131104,56166
3,85,-20.0,97.17825508117676,56901
3,86,-20.0,100.8533525466919,57650
3,87,-20.0,97.57812285423279,58370
3,88,200.0,10.371187210083008,58440
3,89,200.0,3.0941522121429443,58455
3,90,-20.0,98.12712979316711,59170
3,91,-20.0,106.20066261291504,59937
3,92,-20.0,95.19116401672363,60653
3,93,-20.0,98.20526337623596,61395
3,94,-20.0,97.09757828712463,62133
3,95,-20.0,97.27164077758789,62884
3,96,-20.0,96.42077970504761,63612
3,97,-20.0,101.5182592868805,64354
3,98,-20.0,99.4451208114624,65103
3,99,-20.0,99.86706757545471,65851
3,100,-20.0,98.98067855834961,66595
3,101,-20.0,102.7804970741272,67363
3,102,-20.0,101.82871508598328,68114
3,103,-20.0,101.01874327659607,68874
3,104,-20.0,97.766028881073,69602
3,105,-20.0,97.15676403045654,70342
3,106,-20.0,105.88132858276367,71116
3,107,-20.0,99.9406247138977,71865
3,108,-20.0,97.31949543952942,72593
3,109,-20.0,98.4285340309143,73336
3,110,-20.0,100.3738284111023,74069
3,111,-20.0,101.68287658691406,74823
3,112,-20.0,97.28987169265747,75545
3,113,-20.0,98.02527499198914,76278
3,114,-20.0,96.7359390258789,77005
3,115,-20.0,98.0968873500824,77742
3,116,-20.0,96.5726535320282,78474
3,117,-20.0,101.63451027870178,79222
3,118,-20.0,100.57683157920837,79987
3,119,-20.0,96.80158948898315,80720
3,120,-20.0,104.39879083633423,81497
3,121,200.0,29.72406816482544,81717
3,122,-20.0,97.71377611160278,82468
3,123,-20.0,99.56805062294006,83217
3,124,-20.0,99.00706601142883,83945
3,125,-20.0,102.13808465003967,84698
3,126,-20.0,96.98995399475098,85439
3,127,-20.0,96.58847498893738,86170
3,128,-20.0,98.47755408287048,86911
3,129,-20.0,99.7021803855896,87657
3,130,-20.0,104.70145440101624,88432
3,131,-20.0,99.11447834968567,89174
3,132,-20.0,97.52251935005188,89904
3,133,-20.0,97.86454772949219,90637
3,134,-20.0,97.52530813217163,91380
3,135,-20.0,97.64195251464844,92124
3,136,-20.0,109.29845452308655,92917
3,137,-20.0,102.06103873252869,93688
3,138,-20.0,102.97412180900574,94466
3,139,-20.0,99.5857675075531,95207
3,140,-20.0,98.39162278175354,95945
3,141,-20.0,97.55646181106567,96672
3,142,-20.0,95.1688985824585,97392
3,143,-20.0,97.85028839111328,98118
3,144,-20.0,96.93165969848633,98852
3,145,-20.0,95.24465608596802,99581
3,146,-20.0,99.63976407051086,100309
3,147,-20.0,102.6531093120575,101081
3,148,-20.0,97.01036596298218,101815
3,149,-20.0,101.03819394111633,102551
3,150,-20.0,103.20779657363892,103316
3,151,-20.0,99.50801062583923,104057
3,152,-20.0,96.87724184989929,104798
3,153,-20.0,99.48313093185425,105529
3,154,-20.0,97.04337501525879,106251
3,155,-20.0,100.04522442817688,106997
3,156,-20.0,94.93758773803711,107712
3,157,-20.0,98.16472339630127,108444
3,158,-20.0,97.56355476379395,109175
3,159,-20.0,104.4590015411377,109951
3,160,-20.0,103.75546550750732,110718
3,161,-20.0,100.96481275558472,111464
3,162,-20.0,99.52877235412598,112199
3,163,-20.0,95.1184515953064,112913
3,164,-20.0,99.2482271194458,113670
3,165,-20.0,93.73203492164612,114357
3,166,-20.0,98.63910245895386,115090
3,167,-20.0,97.67313551902771,115822
3,168,200.0,28.370330572128296,116030
3,169,200.0,17.485249996185303,116159
3,170,-20.0,98.99543571472168,116910
3,171,-20.0,98.00831246376038,117649
3,172,-20.0,99.91420435905457,118392
3,173,-20.0,96.85588693618774,119123
3,174,-20.0,102.54476475715637,119880
3,175,-20.0,93.85661697387695,120594
3,176,200.0,3.0774879455566406,120610
3,177,-20.0,100.3628740310669,121360
3,178,-20.0,95.84278798103333,122087
3,179,-20.0,96.49351620674133,122816
3,180,-20.0,100.06161713600159,123569
3,181,-20.0,96.52701687812805,124300
3,182,-20.0,102.3416838645935,125057
3,183,-20.0,100.59519076347351,125825
3,184,-20.0,105.11044383049011,126599
3,185,-20.0,98.0893042087555,127343
3,186,-20.0,99.28772068023682,128077
3,187,-20.0,100.60752439498901,128827
3,188,-20.0,93.68939566612244,129539
3,189,200.0,32.29099893569946,129775
3,190,-20.0,99.3429434299469,130506
3,191,-20.0,98.2635817527771,131247
3,192,-20.0,103.26659202575684,132011
3,193,200.0,33.61192011833191,132255
3,194,-20.0,96.91640305519104,132979
3,195,-20.0,101.79721093177795,133728
3,196,-20.0,100.80145525932312,134490
3,197,-20.0,99.24113655090332,135240
3,198,-20.0,104.78577280044556,136017
3,199,-20.0,104.30932354927063,136799
3,200,-20.0,101.05067276954651,137570
3,201,-20.0,98.88012719154358,138307
3,202,-20.0,98.93826508522034,139046
3,203,-20.0,100.99682927131653,139788
3,204,-20.0,102.22527575492859,140544
3,205,-20.0,99.62526082992554,141283
3,206,-20.0,103.86889958381653,142053
3,207,-20.0,97.38553142547607,142766
3,208,-20.0,101.20587992668152,143510
3,209,-20.0,99.73748660087585,144231
3,210,-20.0,99.21007633209229,144989
3,211,-20.0,101.12521576881409,145743
3,212,-20.0,106.83258700370789,146531
3,213,-20.0,101.69946241378784,147302
3,214,200.0,2.8643174171447754,147318
3,215,-20.0,100.83740878105164,148069
3,216,-20.0,96.36589026451111,148806
3,217,-20.0,100.53092837333679,149545
3,218,-20.0,100.10691165924072,150282
3,219,-20.0,101.92033433914185,151034
3,220,-20.0,99.91728377342224,151758
3,221,-20.0,97.19666600227356,152468
3,222,-20.0,98.64134359359741,153193
3,223,-20.0,98.58686542510986,153929
3,224,-20.0,106.08545136451721,154719
3,225,-20.0,110.32228946685791,155536
3,226,-20.0,97.94875168800354,156279
3,227,-20.0,97.87987041473389,157028
3,228,-20.0,97.49560284614563,157764
3,229,-20.0,98.66143298149109,158510
3,230,-20.0,99.22240090370178,159260
3,231,-20.0,100.4568612575531,160013
3,232,-20.0,100.66846656799316,160767
3,233,-20.0,99.9702525138855,161504
3,234,-20.0,103.16935467720032,162270
3,235,-20.0,99.4387538433075,163007
3,236,-20.0,97.13449001312256,163726
3,237,-20.0,98.27210187911987,164444
3,238,-20.0,99.66910576820374,165169
3,239,-20.0,104.98537683486938,165949
3,240,-20.0,105.3957998752594,166739
3,241,-20.0,98.41218590736389,167475
3,242,-20.0,97.36081576347351,168206
3,243,-20.0,102.03874063491821,168945
3,244,-20.0,101.23058009147644,169706
3,245,-20.0,98.64146089553833,170458
3,246,-20.0,95.79162168502808,171181
3,247,200.0,29.659814596176147,171399
3,248,-20.0,99.63767600059509,172137
3,249,-20.0,96.54011344909668,172865
3,250,-20.0,100.71442151069641,173629
3,251,-20.0,100.04030132293701,174362
3,252,-20.0,100.0240683555603,175126
3,253,200.0,3.2203469276428223,175148
3,254,-20.0,101.55339121818542,175914
3,255,-20.0,98.91463589668274,176670
3,256,-20.0,98.6864287853241,177417
3,257,-20.0,105.44699382781982,178176
3,258,-20.0,102.89317107200623,178940
3,259,-20.0,98.1707718372345,179675
3,260,200.0,35.44449520111084,179938
3,261,-20.0,104.47975134849548,180711
3,262,200.0,16.93620252609253,180828
3,263,-20.0,99.74861979484558,181573
3,264,-20.0,103.32950830459595,182327
3,265,-20.0,98.01305341720581,183051
3,266,-20.0,99.51213693618774,183785
3,267,-20.0,97.05697965621948,184493
3,268,-20.0,100.85879850387573,185242
3,269,-20.0,97.12095880508423,185963
3,270,-20.0,98.09914803504944,186687
3,271,-20.0,99.25766897201538,187446
3,272,-20.0,100.80395603179932,188191
3,273,-20.0,96.05887413024902,188911
3,274,-20.0,100.37977266311646,189659
3,275,-20.0,103.15994048118591,190428
3,276,-20.0,105.65992450714111,191210
3,277,-20.0,103.36663937568665,191962
3,278,200.0,29.11666178703308,192175
3,279,-20.0,103.36264848709106,192947
3,280,-20.0,98.47655749320984,193682
3,281,-20.0,105.73170685768127,194457
3,282,-20.0,101.2545096874237,195197
3,283,-20.0,101.70150995254517,195958
3,284,-20.0,102.261647939682,196719
3,285,-20.0,100.54618048667908,197464
3,286,-20.0,105.42069888114929,198244
3,287,-20.0,99.338618516922,198977
3,288,-20.0,96.05203437805176,199689
3,289,-20.0,100.66309022903442,200424
3,290,-20.0,99.24666738510132,201159
3,291,-20.0,103.43438386917114,201910
3,292,-20.0,104.90280032157898,202687
3,293,-20.0,99.20614409446716,203429
3,294,-20.0,96.66568326950073,204146
3,295,200.0,14.801105737686157,204250
3,296,-20.0,105.54957962036133,205029
3,297,-20.0,100.30809593200684,205760
3,298,-20.0,95.5090012550354,206461
3,299,-20.0,99.87447309494019,207210
3,300,-20.0,97.30729937553406,207940
3,301,-20.0,95.39952158927917,208638
3,302,-20.0,96.02426981925964,209354
3,303,-20.0,96.83187127113342,210077
3,304,-20.0,98.3285927772522,210806
3,305,-20.0,99.0539186000824,211543
3,306,-20.0,100.27821373939514,212295
3,307,200.0,21.342517137527466,212447
3,308,200.0,20.73940396308899,212598
3,309,-20.0,103.731436252594,213374
3,310,-20.0,98.74307465553284,214123
3,311,-20.0,101.45343518257141,214880
3,312,-20.0,101.38198041915894,215600
3,313,-20.0,97.68714666366577,216336
3,314,-20.0,97.60919737815857,217066
3,315,-20.0,104.80051827430725,217828
3,316,-20.0,95.54169297218323,218551
3,317,-20.0,97.62209749221802,219280
3,318,-20.0,98.20857000350952,220010
3,319,-20.0,97.38745141029358,220747
3,320,-20.0,95.84546542167664,221450
3,321,-20.0,95.04367017745972,222158
3,322,-20.0,102.79611492156982,222902
3,323,200.0,28.50277590751648,223104
3,324,-20.0,99.51044273376465,223835
3,325,-20.0,98.45770382881165,224564
3,326,-20.0,101.86758184432983,225328
3,327,-20.0,102.36348628997803,226084
3,328,-20.0,98.55484771728516,226812
3,329,-20.0,99.56134867668152,227544
3,330,-20.0,97.32116937637329,228252
3,331,-20.0,97.97727084159851,228980
3,332,-20.0,98.18330907821655,229721
3,333,-20.0,94.86892127990723,230430
3,334,-20.0,98.08740663528442,231148
3,335,-20.0,97.41857862472534,231879
3,336,-20.0,99.77091717720032,232624
3,337,-20.0,98.64296364784241,233368
3,338,-20.0,106.66022682189941,234168
3,339,-20.0,98.17831325531006,234893
3,340,-20.0,109.39542818069458,235688
3,341,-20.0,100.64390134811401,236447
3,342,-20.0,99.68148708343506,237185
3,343,-20.0,102.09018468856812,237946
3,344,-20.0,100.32565402984619,238703
3,345,-20.0,103.52694082260132,239471
3,346,-20.0,101.65657949447632,240220
3,347,-20.0,100.20346283912659,240955
3,348,-20.0,107.95724678039551,241760
3,349,-20.0,101.48950433731079,242515
3,350,-20.0,97.36816716194153,243224
3,351,-20.0,103.61916947364807,243985
3,352,-20.0,98.41719651222229,244704
3,353,-20.0,100.5196967124939,245433
3,354,-20.0,100.95710253715515,246195
3,355,-20.0,99.1805431842804,246947
3,356,-20.0,102.81837129592896,247721
3,357,-20.0,98.11677384376526,248451
3,358,-20.0,95.92937207221985,249143
3,359,-20.0,96.49520230293274,249856
3,360,-20.0,100.19304275512695,250604
3,361,-20.0,103.16359281539917,251374
3,362,-20.0,98.79697251319885,252119
3,363,200.0,3.0820248126983643,252137
3,364,-20.0,102.12580275535583,252887
3,365,-20.0,108.64710712432861,253680
3,366,-20.0,102.62685894966125,254421
3,367,200.0,6.862651586532593,254470
3,368,-20.0,102.69478988647461,255236
3,369,-20.0,105.63278412818909,256015
3,370,-20.0,105.1529495716095,256783
3,371,-20.0,101.39999389648438,257536
3,372,-20.0,101.2447419166565,258272
3,373,-20.0,103.88574075698853,259025
3,374,-20.0,101.67725777626038,259785
3,375,-20.0,98.22896790504456,260516
3,376,-20.0,101.02600479125977,261277
3,377,-20.0,103.21601390838623,262034
3,378,-20.0,104.54809474945068,262818
3,379,200.0,9.99192762374878,262887
3,380,200.0,20.15701651573181,263028
3,381,-20.0,102.31823086738586,263788
3,382,-20.0,99.49750876426697,264526
3,383,-20.0,108.88459277153015,265336
3,384,-20.0,99.6906487941742,266068
3,385,-20.0,103.30486178398132,266815
3,386,-20.0,99.55325984954834,267541
3,387,-20.0,96.15722060203552,268265
3,388,-20.0,96.71223950386047,268996
3,389,-20.0,100.28330206871033,269738
3,390,-20.0,98.378662109375,270472
3,391,200.0,30.11832308769226,270682
3,392,-20.0,96.42272424697876,271396
3,393,-20.0,95.25173377990723,272113
3,394,-20.0,99.23078298568726,272851
3,395,-20.0,102.12124752998352,273596
3,396,-20.0,100.50916314125061,274342
3,397,-20.0,100.98779559135437,275111
3,398,-20.0,98.92234420776367,275848
3,399,-20.0,102.04684400558472,276593
3,400,-20.0,100.18704199790955,277337
3,401,-20.0,97.09008550643921,278078
3,402,-20.0,98.64256763458252,278814
3,403,200.0,3.4649498462677,278833
3,404,-20.0,100.38832449913025,279584
3,405,-20.0,108.85085940361023,280378
3,406,200.0,16.990368366241455,280502
3,407,-20.0,95.96896648406982,281207
3,408,-20.0,96.91719889640808,281931
3,409,-20.0,98.75217533111572,282651
3,410,-20.0,96.74792885780334,283367
3,411,-20.0,97.88896155357361,284110
3,412,-20.0,102.8159646987915,284857
3,413,-20.0,100.66491413116455,285601
3,414,-20.0,101.39509439468384,286353
3,415,-20.0,99.67319989204407,287093
3,416,-20.0,98.56316447257996,287824
3,417,-20.0,96.79469680786133,288557
3,418,-20.0,101.7443380355835,289296
3,419,-20.0,102.78077268600464,290041
3,420,-20.0,97.51978063583374,290756
3,421,-20.0,107.86908531188965,291561
3,422,-20.0,97.97124099731445,292283
3,423,-20.0,103.38509798049927,293045
3,424,-20.0,104.66250944137573,293825
3,425,-20.0,96.20223021507263,294551
3,426,-20.0,98.1416118144989,295291
3,427,-20.0,97.51913142204285,296023
3,428,-20.0,105.59601402282715,296796
3,429,-20.0,97.67586040496826,297523
3,430,-20.0,98.43583703041077,298244
3,431,200.0,36.23920822143555,298502
3,432,-20.0,99.18540000915527,299220
3,433,-20.0,96.22936773300171,299947
3,434,-20.0,102.604088306427,300711
3,435,-20.0,98.72406482696533,301446
3,436,-20.0,105.6909556388855,302199
3,437,-20.0,107.87724280357361,302959
3,438,-20.0,99.62826633453369,303687
3,439,-20.0,97.4226713180542,304423
3,440,-20.0,100.91680192947388,305165
3,441,-20.0,104.0810194015503,305920
3,442,-20.0,96.67587852478027,306655
3,443,-20.0,98.16105723381042,307375
3,444,-20.0,98.9930830001831,308101
3,445,-20.0,103.46978187561035,308867
3,446,-20.0,99.3271849155426,309606
3,447,-20.0,100.13772702217102,310353
3,448,-20.0,97.28138947486877,311074
3,449,200.0,10.854237794876099,311145
3,450,-20.0,98.3854570388794,311888
3,451,-20.0,95.60819220542908,312613
3,452,200.0,28.676661014556885,312828
3,453,200.0,6.3979902267456055,312869
3,454,-20.0,103.37543630599976,313620
3,455,200.0,70.26652503013611,314123
3,456,-20.0,95.80323910713196,314837
3,457,-20.0,97.25511932373047,315567
3,458,-20.0,99.99035978317261,316312
3,459,-20.0,104.06014800071716,317085
3,460,-20.0,107.04750227928162,317859
3,461,-20.0,101.7503011226654,318617
3,462,-20.0,98.29536724090576,319351
3,463,-20.0,87.19996690750122,320015
3,464,-20.0,101.9863178730011,320766
3,465,-20.0,100.39452362060547,321512
3,466,-20.0,99.68003153800964,322258
3,467,-20.0,97.28389835357666,322975
3,468,-20.0,95.96780395507812,323690
3,469,-20.0,99.85109162330627,324445
3,470,-20.0,97.8403434753418,325181
3,471,-20.0,106.02265691757202,325962
3,472,-20.0,105.19973468780518,326725
3,473,-20.0,103.0446708202362,327464
3,474,-20.0,104.0776891708374,328244
3,475,-20.0,96.49052810668945,328970
3,476,-20.0,99.79129266738892,329695
3,477,-20.0,100.72946000099182,330449
3,478,-20.0,104.34367156028748,331230
3,479,-20.0,103.89455127716064,331985
3,480,-20.0,102.26467680931091,332743
3,481,-20.0,101.20185208320618,333488
3,482,-20.0,103.60798382759094,334242
3,483,-20.0,99.51564526557922,334978
3,484,-20.0,99.0483148097992,335703
3,485,-20.0,102.65895223617554,336461
3,486,-20.0,98.08208727836609,337209
3,487,-20.0,98.37573552131653,337931
3,488,-20.0,98.28910088539124,338670
3,489,-20.0,104.618483543396,339457
3,490,-20.0,97.48715090751648,340181
3,491,-20.0,104.31230568885803,340941
3,492,-20.0,104.13073015213013,341701
3,493,-20.0,100.03368782997131,342450
3,494,-20.0,100.86411833763123,343199
3,495,-20.0,108.16692304611206,343980
3,496,-20.0,102.347412109375,344735
3,497,-20.0,98.1964430809021,345465
3,498,-20.0,105.1363205909729,346248
3,499,-20.0,107.46916913986206,347039
3,500,-20.0,96.9079282283783,347762
3,501,-20.0,98.96211290359497,348495
3,502,-20.0,107.94016194343567,349287
3,503,-20.0,112.97596836090088,350114
3,504,-20.0,103.67562818527222,350882
3,505,-20.0,95.95243763923645,351581
3,506,-20.0,97.77570724487305,352293
3,507,-20.0,99.23387336730957,353024
3,508,200.0,10.019588708877563,353097
3,509,-20.0,101.77889466285706,353845
3,510,-20.0,99.97683715820312,354580
3,511,-20.0,96.90946865081787,355313
3,512,-20.0,100.24981880187988,356067
3,513,-20.0,99.39604139328003,356820
3,514,-20.0,96.62979292869568,357530
3,515,-20.0,106.35113549232483,358308
3,516,-20.0,99.13253045082092,359039
3,517,-20.0,99.60469579696655,359784
3,518,-20.0,99.18506026268005,360527
3,519,-20.0,97.32225728034973,361254
3,520,-20.0,101.38286805152893,362001
3,521,-20.0,99.06895399093628,362724
3,522,-20.0,100.55651330947876,363457
3,523,-20.0,104.75315856933594,364222
3,524,-20.0,104.37834191322327,364989
3,525,-20.0,97.48414611816406,365717
3,526,-20.0,100.01181530952454,366458
3,527,-20.0,96.12885189056396,367183
3,528,-20.0,98.32108545303345,367906
3,529,-20.0,102.22820043563843,368677
3,530,-20.0,100.21554756164551,369422
3,531,-20.0,105.90849900245667,370201
3,532,-20.0,104.39616203308105,370963
3,533,200.0,20.703739404678345,371104
3,534,-20.0,105.37176585197449,371864
3,535,-20.0,98.92857336997986,372613
3,536,-20.0,98.21032500267029,373341
3,537,-20.0,100.74539256095886,374072
3,538,-20.0,98.55604457855225,374801
3,539,-20.0,97.82010674476624,375531
3,540,-20.0,105.61611247062683,376326
3,541,-20.0,107.33578872680664,377092
3,542,-20.0,100.45067739486694,377834
3,543,-20.0,98.48133754730225,378571
3,544,-20.0,100.54648733139038,379317
3,545,200.0,18.845858097076416,379450
3,546,-20.0,103.09913349151611,380219
3,547,-20.0,99.33499670028687,380952
3,548,200.0,9.770797491073608,381023
3,549,-20.0,100.63930344581604,381776
3,550,-20.0,98.20639085769653,382503
3,551,-20.0,99.2698404788971,383209
3,552,-20.0,95.94840145111084,383921
3,553,-20.0,103.73360657691956,384671
3,554,-20.0,105.1738052368164,385434
3,555,-20.0,97.21815204620361,386137
3,556,-20.0,97.75773024559021,386860
3,557,-20.0,99.45243382453918,387599
3,558,-20.0,97.74154210090637,388324
3,559,-20.0,101.20614886283875,389083
3,560,-20.0,101.97987937927246,389829
3,561,200.0,23.95384168624878,389999
3,562,-20.0,110.3193609714508,390821
3,563,-20.0,100.83967685699463,391554
3,564,-20.0,99.65036725997925,392286
3,565,-20.0,102.88740110397339,393056
3,566,-20.0,101.30089664459229,393816
3,567,-20.0,99.73613166809082,394548
3,568,-20.0,104.54085373878479,395306
3,569,-20.0,98.52025747299194,396051
3,570,-20.0,97.7111747264862,396787
3,571,-20.0,95.34347248077393,397505
3,572,-20.0,97.83516144752502,398238
3,573,-20.0,100.75359535217285,398984
3,574,-20.0,99.99050807952881,399725
3,575,-20.0,101.66661953926086,400484
3,576,-20.0,112.89653301239014,401289
3,577,-20.0,99.34633421897888,402029
3,578,-20.0,106.51191854476929,402821
3,579,-20.0,105.45237374305725,403589
3,580,-20.0,99.46495652198792,404328
3,581,-20.0,98.30878949165344,405051
3,582,-20.0,98.68697547912598,405762
3,583,200.0,89.20290493965149,406424
3,584,-20.0,102.81152582168579,407177
3,585,-20.0,99.8818576335907,407887
3,586,-20.0,103.3654112815857,408657
3,587,-20.0,100.84747529029846,409404
3,588,-20.0,97.12136697769165,410139
3,589,-20.0,98.0333640575409,410869
3,590,-20.0,96.64810347557068,411577
3,591,-20.0,98.21139693260193,412296
3,592,-20.0,100.63964772224426,413042
3,593,-20.0,108.73162889480591,413841
3,594,-20.0,104.84739351272583,414610
3,595,-20.0,96.56561160087585,415316
3,596,-20.0,98.85458779335022,416042
3,597,-20.0,102.18904495239258,416785
3,598,-20.0,106.78589534759521,417556
3,599,-20.0,100.98501348495483,418305
3,600,-20.0,101.19439601898193,419050
3,601,-20.0,98.14420413970947,419784
3,602,-20.0,100.77701759338379,420529
3,603,-20.0,101.10257482528687,421267
3,604,-20.0,104.25390839576721,422042
3,605,-20.0,100.50212168693542,422767
3,606,-20.0,101.01041913032532,423524
3,607,-20.0,105.41792416572571,424314
3,608,-20.0,106.09556674957275,425093
3,609,-20.0,98.79894065856934,425821
3,610,-20.0,99.97967672348022,426564
3,611,-20.0,101.0124580860138,427290
3,612,-20.0,98.7839343547821,428016
3,613,-20.0,104.33865237236023,428766
3,614,-20.0,100.11036086082458,429485
3,615,-20.0,99.62084722518921,430217
3,616,-20.0,102.86666798591614,430962
3,617,-20.0,106.53498983383179,431735
3,618,-20.0,100.34728741645813,432488
3,619,-20.0,95.43772721290588,433193
3,620,-20.0,97.87573099136353,433937
3,621,-20.0,101.89266514778137,434685
3,622,-20.0,103.60521388053894,435425
3,623,-20.0,103.90848016738892,436169
3,624,-20.0,100.977290391922,436910
3,625,-20.0,103.34727048873901,437660
3,626,-20.0,107.61124658584595,438436
3,627,-20.0,104.55822515487671,439200
3,628,-20.0,100.96876621246338,439929
3,629,-20.0,114.44310426712036,440749
3,630,-20.0,96.51998901367188,441464
3,631,-20.0,105.63736629486084,442218
3,632,-20.0,102.58777570724487,442965
3,633,-20.0,98.34172439575195,443692
3,634,-20.0,98.82191348075867,444424
3,635,-20.0,97.08552050590515,445134
3,636,-20.0,101.73847031593323,445877
3,637,-20.0,104.23419499397278,446647
3,638,-20.0,100.52033543586731,447379
3,639,-20.0,97.37152194976807,448087
3,640,-20.0,98.95464372634888,448820
3,641,-20.0,97.437490940094,449536
3,642,-20.0,97.78712177276611,450267
3,643,-20.0,102.67815828323364,451029
3,644,-20.0,98.9218602180481,451756
3,645,-20.0,98.44565296173096,452476
3,646,-20.0,99.90783667564392,453189
3,647,200.0,18.430634260177612,453314
3,648,-20.0,107.60794138908386,454103
3,649,-20.0,100.44491577148438,454838
3,650,-20.0,105.43116116523743,455594
3,651,-20.0,100.27237677574158,456329
3,652,-20.0,100.86480665206909,457068
3,653,200.0,30.872717142105103,457291
3,654,-20.0,100.65660285949707,458035
3,655,-20.0,104.54027485847473,458807
3,656,-20.0,97.85450720787048,459529
3,657,-20.0,104.35781192779541,460276
3,658,-20.0,99.51416230201721,461021
3,659,-20.0,97.45796298980713,461741
3,660,-20.0,99.4839813709259,462488
3,661,-20.0,100.05994987487793,463230
3,662,-20.0,97.47420454025269,463953
3,663,-20.0,98.4758951663971,464673
3,664,-20.0,99.0114336013794,465400
3,665,-20.0,99.36264061927795,466117
3,666,-20.0,99.18108415603638,466855
3,667,-20.0,98.7731728553772,467600
3,668,200.0,57.10570240020752,468020
3,669,-20.0,101.06671786308289,468753
3,670,-20.0,98.50413680076599,469466
3,671,-20.0,104.23806118965149,470207
3,672,-20.0,101.98064494132996,470953
3,673,-20.0,99.1375105381012,471678
3,674,-20.0,100.05503940582275,472400
3,675,-20.0,101.59059309959412,473130
3,676,-20.0,103.12820672988892,473898
3,677,-20.0,112.92570877075195,474732
3,678,-20.0,100.7762565612793,475469
3,679,-20.0,99.87616515159607,476196
3,680,-20.0,105.10192632675171,476963
3,681,200.0,76.34592080116272,477503
3,682,-20.0,108.94521880149841,478278
3,683,200.0,17.87118887901306,478396
3,684,-20.0,101.2851984500885,479136
3,685,200.0,3.532287359237671,479160
3,686,-20.0,103.49565720558167,479923
3,687,-20.0,107.94283819198608,480690
3,688,200.0,30.775618076324463,480917
3,689,-20.0,103.76182103157043,481685
3,690,-20.0,104.634774684906,482445
3,691,-20.0,99.93924474716187,483195
3,692,-20.0,112.26648879051208,484000
3,693,-20.0,112.72761225700378,484823
3,694,-20.0,100.43199872970581,485563
3,695,-20.0,98.08923292160034,486268
3,696,-20.0,96.24133443832397,486975
3,697,-20.0,99.69238758087158,487700
3,698,-20.0,98.27809619903564,488420
3,699,-20.0,106.01043057441711,489165
3,700,-20.0,104.1375081539154,489928
3,701,-20.0,98.44132852554321,490671
3,702,-20.0,96.99658870697021,491398
3,703,-20.0,100.02592897415161,492135
3,704,-20.0,103.95577192306519,492875
3,705,-20.0,99.17656683921814,493608
3,706,-20.0,100.45908427238464,494334
3,707,-20.0,96.9438145160675,495033
3,708,-20.0,101.19789052009583,495775
3,709,-20.0,99.11718821525574,496502
3,710,-20.0,110.07579922676086,497304
3,711,-20.0,98.2702534198761,498027
3,712,-20.0,100.65201830863953,498766
3,713,-20.0,98.69205927848816,499490
3,714,-20.0,98.58372330665588,500210
3,715,-20.0,100.67657446861267,500939
3,716,-20.0,107.71107292175293,501722
3,717,-20.0,103.82257056236267,502482
3,718,-20.0,103.4172146320343,503240
3,719,-20.0,100.31786799430847,503964
3,720,-20.0,105.98641991615295,504744
3,721,-20.0,95.34484887123108,505445
3,722,-20.0,101.28118443489075,506193
3,723,200.0,3.979140043258667,506218
3,724,-20.0,100.80225563049316,506957
3,725,-20.0,98.6313042640686,507703
3,726,-20.0,104.30830001831055,508488
3,727,-20.0,98.61132907867432,509211
3,728,-20.0,102.55759453773499,509965
3,729,200.0,12.303956747055054,510049
3,730,-20.0,113.77649021148682,510865
3,731,-20.0,102.8859031200409,511618
3,732,-20.0,99.010493516922,512348
3,733,-20.0,101.4365861415863,513068
3,734,-20.0,100.84459185600281,513811
3,735,-20.0,100.71651482582092,514555
3,736,-20.0,102.09686589241028,515320
3,737,-20.0,107.29033923149109,516098
3,738,-20.0,106.74172329902649,516870
3,739,-20.0,102.98767852783203,517630
3,740,-20.0,98.20412540435791,518355
3,741,-20.0,100.44066572189331,519092
3,742,-20.0,98.32620239257812,519827
3,743,-20.0,101.85762572288513,520578
3,744,-20.0,107.07460331916809,521382
3,745,-20.0,108.25340533256531,522175
3,746,-20.0,99.7641031742096,522912
3,747,-20.0,99.33048462867737,523656
3,748,-20.0,97.2946126461029,524383
3,749,-20.0,103.65511965751648,525139
3,750,200.0,74.92359495162964,525662
3,751,-20.0,106.95687747001648,526434
3,752,-20.0,104.01568627357483,527188
3,753,-20.0,97.21977186203003,527910
3,754,-20.0,100.57018256187439,528658
3,755,-20.0,98.85817861557007,529395
3,756,-20.0,99.43644261360168,530103
3,757,-20.0,100.99698901176453,530837
3,758,-20.0,97.67331266403198,531563
3,759,-20.0,104.29373383522034,532312
3,760,-20.0,106.62013626098633,533086
3,761,-20.0,103.52452230453491,533846
3,762,-20.0,102.25060153007507,534587
3,763,-20.0,102.09421133995056,535325
3,764,-20.0,104.37908291816711,536090
3,765,200.0,25.634044647216797,536277
3,766,-20.0,99.53983688354492,537000
3,767,-20.0,99.6570372581482,537738
3,768,-20.0,100.83650255203247,538491
3,769,-20.0,102.18493390083313,539243
3,770,-20.0,95.31775188446045,539946
3,771,-20.0,109.13534712791443,540750
3,772,-20.0,99.25432753562927,541477
3,773,-20.0,104.58281826972961,542220
3,774,-20.0,108.01235151290894,543007
3,775,-20.0,100.05571579933167,543723
3,776,-20.0,103.38197755813599,544478
3,777,-20.0,102.3337242603302,545231
3,778,-20.0,98.09330558776855,545930
3,779,-20.0,103.95951962471008,546697
3,780,-20.0,108.82599449157715,547457
3,781,-20.0,105.900714635849,548230
3,782,-20.0,100.44679045677185,548972
3,783,-20.0,99.36940836906433,549712
3,784,-20.0,99.54386639595032,550440
3,785,-20.0,99.60386204719543,551159
3,786,-20.0,99.40602660179138,551882
3,787,-20.0,97.82890701293945,552600
3,788,-20.0,104.58101797103882,553351
3,789,-20.0,99.69086480140686,554056
3,790,-20.0,99.03574109077454,554791
3,791,-20.0,98.73655581474304,555517
3,792,-20.0,104.64735960960388,556282
3,793,-20.0,110.04267168045044,557094
3,794,-20.0,107.3470778465271,557836
3,795,-20.0,100.6356155872345,558553
3,796,-20.0,108.43808126449585,559314
3,797,-20.0,107.67017459869385,560074
3,798,-20.0,100.3315634727478,560809
3,799,-20.0,98.43003845214844,561544
3,800,-20.0,101.75424599647522,562300
3,801,-20.0,104.36724781990051,563062
3,802,-20.0,99.67110633850098,563787
3,803,-20.0,97.23670268058777,564520
3,804,-20.0,102.00872564315796,565278
3,805,-20.0,100.51196813583374,566024
3,806,-20.0,100.4886360168457,566727
3,807,-20.0,107.38636779785156,567502
3,808,-20.0,99.30432891845703,568222
3,809,-20.0,102.31246209144592,568968
3,810,-20.0,99.75631880760193,569694
3,811,-20.0,106.00499367713928,570445
3,812,200.0,18.336440324783325,570581
3,813,-20.0,101.07995200157166,571350
3,814,200.0,3.1376092433929443,571369
3,815,-20.0,103.60103845596313,572120
3,816,-20.0,100.60314750671387,572854
3,817,-20.0,103.60342383384705,573596
3,818,-20.0,107.80118298530579,574367
3,819,-20.0,99.99473118782043,575094
3,820,-20.0,97.90477252006531,575824
3,821,200.0,14.946960926055908,575932
3,822,200.0,3.327749252319336,575952
3,823,-20.0,104.26665139198303,576719
3,824,-20.0,104.15214490890503,577487
3,825,-20.0,97.59744000434875,578183
3,826,-20.0,104.42538809776306,578943
3,827,-20.0,97.77541446685791,579657
3,828,-20.0,102.50433015823364,580408
3,829,-20.0,100.73898315429688,581142
3,830,-20.0,100.70692205429077,581880
3,831,-20.0,105.3839921951294,582644
3,832,-20.0,105.17926502227783,583428
3,833,200.0,10.67487096786499,583506
3,834,-20.0,104.28898859024048,584278
3,835,-20.0,102.79503655433655,585007
3,836,-20.0,101.48917007446289,585746
3,837,200.0,3.5780203342437744,585768
3,838,200.0,40.197449922561646,586065
3,839,-20.0,104.83647775650024,586826
3,840,-20.0,99.19883275032043,587550
3,841,-20.0,103.06293368339539,588305
3,842,-20.0,100.37214541435242,589035
3,843,-20.0,102.56025505065918,589795
3,844,-20.0,100.53348183631897,590543
3,845,-20.0,102.82451891899109,591295
3,846,-20.0,97.6872615814209,592010
3,847,-20.0,104.79010534286499,592762
3,848,-20.0,100.94634556770325,593509
3,849,-20.0,95.47828197479248,594231
3,850,-20.0,102.01860690116882,594990
3,851,-20.0,98.23244452476501,595718
3,852,-20.0,109.56602716445923,596483
3,853,-20.0,98.31279826164246,597191
3,854,-20.0,99.526695728302,597931
3,855,-20.0,111.61481499671936,598742
3,856,-20.0,104.73264217376709,599502
3,857,-20.0,99.59647941589355,600236
3,858,-20.0,105.57002663612366,600984
3,859,-20.0,101.05969285964966,601710
3,860,-20.0,102.54896974563599,602462
3,861,-20.0,98.03595781326294,603187
3,862,-20.0,103.36689925193787,603940
3,863,-20.0,96.995929479599,604673
3,864,200.0,23.113911390304565,604835
3,865,-20.0,105.73757314682007,605586
3,866,-20.0,107.63863205909729,606359
3,867,-20.0,100.43271088600159,607112
3,868,-20.0,98.92018699645996,607814
3,869,-20.0,103.94509482383728,608566
3,870,-20.0,97.82314538955688,609287
3,871,-20.0,99.50547122955322,610012
3,872,-20.0,103.52324914932251,610756
3,873,-20.0,103.2416832447052,611502
3,874,-20.0,101.80687427520752,612238
3,875,-20.0,100.54458951950073,612980
3,876,-20.0,101.12007737159729,613729
3,877,-20.0,107.08011651039124,614513
3,878,-20.0,110.60107684135437,615302
3,879,-20.0,101.66989207267761,616051
3,880,-20.0,101.38230395317078,616797
3,881,-20.0,102.6192467212677,617550
3,882,-20.0,101.21254992485046,618282
3,883,-20.0,99.76640558242798,619027
3,884,-20.0,98.50645017623901,619724
3,885,-20.0,109.99033641815186,620529
3,886,-20.0,107.75600147247314,621319
3,887,-20.0,109.21625685691833,622093
3,888,-20.0,100.50052332878113,622825
3,889,-20.0,105.12099432945251,623593
3,890,-20.0,100.61252927780151,624332
3,891,-20.0,102.53180313110352,625079
3,892,-20.0,102.12006640434265,625823
3,893,-20.0,109.00513911247253,626624
3,894,-20.0,100.65067958831787,627359
3,895,-20.0,99.68022465705872,628079
3,896,-20.0,99.81527733802795,628806
3,897,-20.0,101.68561697006226,629562
3,898,-20.0,101.46611595153809,630303
3,899,-20.0,98.23816132545471,631029
3,900,-20.0,98.44988083839417,631754
3,901,-20.0,105.17508864402771,632517
3,902,-20.0,99.16738963127136,633240
3,903,-20.0,104.24043369293213,634002
3,904,-20.0,100.52255201339722,634749
3,905,-20.0,97.70106601715088,635448
3,906,-20.0,106.2879147529602,636193
3,907,-20.0,107.75981736183167,636978
3,908,-20.0,103.51452374458313,637727
3,909,-20.0,99.59478974342346,638465
3,910,-20.0,102.11688280105591,639203
3,911,-20.0,107.02411937713623,639979
3,912,200.0,2.9678425788879395,639996
3,913,-20.0,100.75452995300293,640727
3,914,-20.0,106.47206830978394,641487
3,915,-20.0,103.23252868652344,642255
3,916,-20.0,107.8478627204895,643042
3,917,-20.0,100.20362567901611,643791
3,918,-20.0,105.0929434299469,644536
3,919,-20.0,106.92805194854736,645291
3,920,-20.0,104.75027441978455,646053
3,921,-20.0,99.3484525680542,646789
3,922,-20.0,102.04611849784851,647537
3,923,-20.0,99.67580723762512,648257
3,924,-20.0,102.86406469345093,649005
3,925,-20.0,99.90091490745544,649729
3,926,-20.0,106.10033369064331,650483
3,927,-20.0,101.56032419204712,651219
3,928,-20.0,105.04118609428406,651987
3,929,-20.0,103.9701316356659,652754
3,930,-20.0,98.44994783401489,653480
3,931,-20.0,98.73608160018921,654201
3,932,-20.0,102.63137888908386,654961
3,933,-20.0,99.58257102966309,655687
3,934,-20.0,101.11522269248962,656423
3,935,-20.0,102.71024203300476,657175
3,936,-20.0,102.15848779678345,657932
3,937,-20.0,102.98164200782776,658687
3,938,-20.0,103.34298133850098,659448
3,939,-20.0,105.61388301849365,660220
3,940,-20.0,98.5487699508667,660945
3,941,-20.0,103.51751375198364,661702
3,942,-20.0,99.50855946540833,662424
3,943,-20.0,98.17100739479065,663149
3,944,-20.0,107.30233788490295,663935
3,945,-20.0,100.05209612846375,664653
3,946,-20.0,99.94335794448853,665387
3,947,-20.0,101.01961708068848,666125
3,948,-20.0,103.7998685836792,666862
3,949,200.0,22.84580659866333,667014
3,950,-20.0,101.25293755531311,667742
3,951,-20.0,102.68875122070312,668478
3,952,-20.0,103.83476758003235,669237
3,953,-20.0,99.39168238639832,669977
3,954,-20.0,95.77460432052612,670678
3,955,-20.0,97.80835890769958,671406
3,956,-20.0,102.60232734680176,672153
3,957,-20.0,98.3377959728241,672876
3,958,-20.0,102.32090759277344,673638
3,959,-20.0,98.32677865028381,674364
3,960,-20.0,101.71058750152588,675115
3,961,-20.0,105.79349637031555,675889
3,962,-20.0,102.0069363117218,676632
3,963,-20.0,103.77552914619446,677396
3,964,-20.0,101.27575898170471,678140
3,965,-20.0,106.1543915271759,678912
3,966,-20.0,99.49327349662781,679637
3,967,-20.0,106.07277584075928,680400
3,968,-20.0,99.89637923240662,681116
3,969,-20.0,103.08491492271423,681863
3,970,-20.0,101.38074564933777,682592
3,971,-20.0,100.98608231544495,683332
3,972,200.0,3.3481619358062744,683351
3,973,-20.0,100.04340624809265,684089
3,974,-20.0,99.18381547927856,684819
3,975,-20.0,98.16092848777771,685541
3,976,-20.0,100.70333123207092,686290
3,977,-20.0,104.02232003211975,687053
3,978,-20.0,101.08415341377258,687800
3,979,-20.0,104.03166341781616,688559
3,980,-20.0,99.52545285224915,689292
3,981,-20.0,99.91392946243286,690011
3,982,-20.0,99.02171468734741,690728
3,983,-20.0,99.96799182891846,691469
3,984,-20.0,102.94789099693298,692229
3,985,-20.0,103.24431014060974,692980
3,986,200.0,14.250377416610718,693080
3,987,200.0,21.48890209197998,693228
3,988,-20.0,93.04457807540894,693918
3,989,-20.0,102.11969470977783,694660
3,990,-20.0,108.0524091720581,695448
3,991,-20.0,101.88023352622986,696203
3,992,-20.0,101.04113960266113,696932
3,993,-20.0,106.12614703178406,697697
3,994,-20.0,101.03726506233215,698454
3,995,-20.0,102.14200282096863,699195
3,996,-20.0,102.10142469406128,699937
3,997,200.0,20.95314311981201,700085
3,998,-20.0,102.53223419189453,700839
3,999,-20.0,98.02916717529297,701569
3,1000,-20.0,100.50603532791138,702326
3,1001,-20.0,100.31229066848755,703061
3,1002,-20.0,103.19887065887451,703821
3,1003,-20.0,104.84655237197876,704580
3,1004,-20.0,101.85695433616638,705319
3,1005,-20.0,99.19231534004211,706047
3,1006,-20.0,100.01817488670349,706769
3,1007,-20.0,102.33834075927734,707517
3,1008,200.0,27.19920778274536,707710
3,1009,-20.0,104.10366320610046,708480
3,1010,-20.0,97.25182867050171,709197
3,1011,-20.0,99.41231322288513,709937
3,1012,-20.0,98.78305268287659,710658
3,1013,-20.0,104.29181218147278,711410
3,1014,-20.0,105.02139902114868,712169
3,1015,-20.0,98.91760635375977,712891
3,1016,-20.0,101.99097895622253,713639
3,1017,-20.0,106.37370347976685,714412
3,1018,-20.0,101.05877351760864,715155
3,1019,-20.0,101.77078056335449,715899
3,1020,-20.0,100.92555332183838,716649
3,1021,-20.0,109.871652841568,717449
3,1022,-20.0,102.00062561035156,718194
3,1023,-20.0,106.65583181381226,718960
3,1024,-20.0,109.78540205955505,719759
3,1025,-20.0,105.36678338050842,720524
3,1026,-20.0,100.28225779533386,721257
3,1027,200.0,5.126933574676514,721290
3,1028,-20.0,101.55655574798584,722029
3,1029,-20.0,100.21237087249756,722757
3,1030,-20.0,104.26001954078674,723533
3,1031,-20.0,108.14600968360901,724321
3,1032,-20.0,102.45655488967896,725072
3,1033,200.0,27.36386203765869,725268
3,1034,-20.0,99.98754453659058,726003
3,1035,-20.0,102.30566787719727,726745
3,1036,-20.0,104.12302923202515,727502
3,1037,-20.0,103.46748471260071,728255
3,1038,-20.0,102.23697853088379,728993
3,1039,-20.0,100.80354809761047,729737
3,1040,-20.0,100.62489199638367,730484
3,1041,-20.0,98.68601059913635,731206
3,1042,-20.0,101.26589894294739,731945
3,1043,-20.0,101.02532935142517,732680
3,1044,-20.0,103.95825934410095,733430
3,1045,-20.0,105.27635502815247,734206
3,1046,-20.0,104.95899987220764,734973
3,1047,-20.0,102.7059383392334,735702
3,1048,-20.0,101.56386613845825,736432
3,1049,-20.0,98.33066987991333,737161
3,1050,-20.0,95.56259727478027,737865
3,1051,-20.0,100.22582149505615,738607
3,1052,-20.0,103.44925308227539,739362
3,1053,-20.0,103.43376135826111,740112
3,1054,-20.0,100.39856958389282,740864
3,1055,-20.0,103.51773118972778,741606
3,1056,-20.0,103.6757287979126,742357
3,1057,-20.0,106.78890585899353,743110
3,1058,-20.0,109.18954539299011,743896
3,1059,-20.0,101.60116839408875,744644
3,1060,-20.0,104.23700594902039,745409
3,1061,-20.0,105.52328944206238,746174
3,1062,-20.0,101.90790343284607,746916
3,1063,-20.0,99.75427269935608,747651
3,1064,-20.0,100.84222674369812,748384
3,1065,-20.0,103.27127599716187,749133
3,1066,-20.0,104.70628213882446,749877
3,1067,-20.0,99.27188730239868,750586
3,1068,-20.0,107.73163223266602,751333
3,1069,-20.0,104.52719926834106,752089
3,1070,-20.0,100.75834345817566,752824
3,1071,-20.0,104.00598216056824,753582
3,1072,-20.0,102.60627889633179,754315
3,1073,-20.0,98.64070510864258,755042
3,1074,-20.0,100.14934706687927,755777
3,1075,-20.0,102.115238904953,756522
3,1076,-20.0,103.98678421974182,757291
3,1077,-20.0,101.19599986076355,758042
3,1078,-20.0,100.11647582054138,758765
3,1079,-20.0,104.06721711158752,759519
3,1080,-20.0,107.83663630485535,760286
3,1081,-20.0,106.71367907524109,761064
3,1082,-20.0,95.9225504398346,761771
3,1083,-20.0,103.156973361969,762528
3,1084,-20.0,110.08158230781555,763330
3,1085,-20.0,101.54122376441956,764070
3,1086,-20.0,100.05477452278137,764804
3,1087,-20.0,102.97398257255554,765536
3,1088,-20.0,99.94404864311218,766258
3,1089,-20.0,100.87839269638062,767002
3,1090,-20.0,99.026371717453,767742
3,1091,-20.0,103.73849320411682,768522
3,1092,-20.0,105.07910013198853,769288
3,1093,-20.0,101.19467759132385,770018
3,1094,-20.0,101.2003562450409,770743
3,1095,-20.0,97.32166624069214,771454
3,1096,-20.0,101.6441638469696,772183
3,1097,-20.0,102.56423592567444,772935
3,1098,-20.0,101.18073582649231,773690
3,1099,-20.0,104.36416792869568,774444
3,1100,-20.0,103.09628653526306,775188
3,1101,-20.0,106.42000603675842,775935
3,1102,-20.0,110.95679068565369,776738
3,1103,-20.0,108.09926342964172,777511
3,1104,-20.0,104.58518362045288,778270
3,1105,-20.0,98.99925017356873,778992
3,1106,200.0,4.371137380599976,779020
3,1107,-20.0,100.31394982337952,779754
3,1108,-20.0,99.14620280265808,780495
3,1109,-20.0,102.07759141921997,781237
3,1110,-20.0,100.63347721099854,781965
3,1111,-20.0,99.72016525268555,782694
3,1112,-20.0,104.18252635002136,783449
3,1113,-20.0,100.10859203338623,784184
3,1114,-20.0,100.82101249694824,784936
3,1115,-20.0,101.80137157440186,785678
3,1116,-20.0,103.10169863700867,786423
3,1117,-20.0,104.24208307266235,787169
3,1118,-20.0,102.42695665359497,787907
3,1119,-20.0,103.07658576965332,788663
3,1120,-20.0,106.47272682189941,789424
3,1121,200.0,20.8366539478302,789565
3,1122,-20.0,100.83994650840759,790298
3,1123,-20.0,102.94338202476501,791048
3,1124,-20.0,103.1849274635315,791796
3,1125,-20.0,104.88609337806702,792557
3,1126,-20.0,101.52059578895569,793297
3,1127,-20.0,104.45477414131165,794057
3,1128,-20.0,100.68672585487366,794795
3,1129,-20.0,103.80395150184631,795542
3,1130,-20.0,103.22948288917542,796296
3,1131,-20.0,102.41379976272583,797040
3,1132,-20.0,105.28139805793762,797787
3,1133,-20.0,101.44559288024902,798519
3,1134,-20.0,99.74189972877502,799237
3,1135,-20.0,102.27206230163574,799976
3,1136,-20.0,104.26344323158264,800734
3,1137,-20.0,104.11103630065918,801489
3,1138,-20.0,102.63833904266357,802237
3,1139,-20.0,100.51675844192505,802965
3,1140,-20.0,103.0620448589325,803714
3,1141,-20.0,102.76156187057495,804455
3,1142,-20.0,99.73938512802124,805181
3,1143,-20.0,105.39617538452148,805942
3,1144,-20.0,105.0689697265625,806702
3,1145,-20.0,103.2762598991394,807459
3,1146,-20.0,99.29037761688232,808176
3,1147,-20.0,99.85830092430115,808903
3,1148,-20.0,102.80389165878296,809642
3,1149,-20.0,109.62463164329529,810423
3,1150,-20.0,110.32895922660828,811215
3,1151,-20.0,99.14422106742859,811935
3,1152,-20.0,102.2032060623169,812674
3,1153,-20.0,103.29637479782104,813440
3,1154,-20.0,106.21508765220642,814213
3,1155,-20.0,105.1239058971405,814974
3,1156,-20.0,100.47317552566528,815715
3,1157,-20.0,102.88071322441101,816453
3,1158,-20.0,99.64902591705322,817188
3,1159,-20.0,103.13913464546204,817930
3,1160,200.0,65.26860880851746,818404
3,1161,-20.0,103.5812017917633,819147
3,1162,-20.0,102.80606007575989,819884
3,1163,-20.0,101.06957960128784,820613
3,1164,-20.0,99.8853166103363,821344
3,1165,-20.0,99.8593180179596,822065
3,1166,-20.0,106.61356258392334,822832
3,1167,-20.0,105.02905631065369,823583
3,1168,-20.0,108.19040894508362,824366
3,1169,-20.0,101.63355159759521,825107
3,1170,-20.0,106.05237650871277,825862
3,1171,-20.0,103.78370881080627,826626
3,1172,-20.0,100.05226397514343,827360
3,1173,-20.0,108.09643459320068,828126
3,1174,-20.0,107.74050998687744,828895
3,1175,-20.0,106.91361927986145,829657
3,1176,-20.0,100.24494075775146,830391
3,1177,-20.0,101.75940465927124,831121
3,1178,-20.0,104.5204586982727,831882
3,1179,-20.0,105.20697855949402,832637
3,1180,-20.0,102.3495090007782,833383
3,1181,-20.0,100.56446123123169,834119
3,1182,-20.0,102.45626950263977,834862
3,1183,-20.0,102.60785722732544,835610
3,1184,-20.0,108.49442911148071,836395
3,1185,-20.0,99.07534646987915,837117
3,1186,-20.0,101.45370602607727,837852
3,1187,-20.0,101.8841290473938,838591
3,1188,-20.0,103.8875424861908,839346
3,1189,200.0,9.112860918045044,839412
3,1190,-20.0,103.16799736022949,840168
3,1191,-20.0,104.2429587841034,840930
3,1192,-20.0,105.49025511741638,841704
3,1193,-20.0,99.68162441253662,842433
3,1194,-20.0,100.65399837493896,843175
3,1195,-20.0,100.52681016921997,843910
3,1196,-20.0,101.22646975517273,844652
3,1197,-20.0,101.71506977081299,845391
3,1198,-20.0,103.7377142906189,846148
3,1199,-20.0,105.52729153633118,846916
3,1200,-20.0,103.8849356174469,847666
3,1201,-20.0,105.27462077140808,848412
3,1202,-20.0,101.80961227416992,849150
3,1203,-20.0,101.34477758407593,849891
3,1204,-20.0,101.07740354537964,850624
3,1205,-20.0,104.97105956077576,851391
3,1206,-20.0,103.08044266700745,852146
3,1207,-20.0,102.84659957885742,852902
3,1208,-20.0,100.68919157981873,853635
3,1209,-20.0,101.09814381599426,854380
3,1210,-20.0,105.01158547401428,855135
3,1211,-20.0,101.52684187889099,855876
3,1212,-20.0,102.24509477615356,856626
3,1213,-20.0,102.25010967254639,857374
3,1214,-20.0,100.84199452400208,858112
3,1215,-20.0,101.52403926849365,858848
3,1216,-20.0,101.3161141872406,859582
3,1217,-20.0,103.29164409637451,860340
3,1218,200.0,5.9271018505096436,860378
3,1219,-20.0,104.66719341278076,861141
3,1220,-20.0,102.93603610992432,861893
3,1221,200.0,5.7060935497283936,861932
3,1222,-20.0,102.28376364707947,862679
3,1223,-20.0,101.8979709148407,863427
3,1224,-20.0,100.6789653301239,864162
3,1225,-20.0,103.08810210227966,864917
3,1226,-20.0,102.11379551887512,865663
3,1227,-20.0,101.39570236206055,866403
3,1228,-20.0,103.21228861808777,867161
3,1229,-20.0,101.41831564903259,867910
3,1230,-20.0,101.40296363830566,868648
3,1231,-20.0,100.56708192825317,869380
3,1232,-20.0,108.0697021484375,870150
3,1233,-20.0,104.09964799880981,870911
3,1234,-20.0,102.038898229599,871654
3,1235,-20.0,104.36150407791138,872408
3,1236,-20.0,103.72016525268555,873166
3,1237,-20.0,101.68731355667114,873904
3,1238,-20.0,101.170006275177,874640
3,1239,-20.0,102.95915579795837,875392
3,1240,-20.0,101.60439944267273,876131
3,1241,-20.0,102.49582600593567,876883
3,1242,-20.0,104.37153053283691,877631
3,1243,-20.0,104.4700882434845,878381
3,1244,-20.0,104.55478477478027,879134
3,1245,-20.0,102.13164281845093,879882
3,1246,-20.0,100.14301681518555,880609
3,1247,-20.0,98.54495549201965,881326
3,1248,-20.0,106.12255120277405,882102
3,1249,-20.0,101.73068451881409,882848
3,1250,-20.0,104.28422045707703,883594
3,1251,-20.0,99.02577328681946,884307
3,1252,-20.0,102.31841492652893,885050
3,1253,-20.0,103.10465621948242,885800
3,1254,-20.0,104.14493155479431,886552
3,1255,-20.0,101.7468729019165,887293
3,1256,-20.0,100.95481371879578,888029
3,1257,-20.0,105.62971353530884,888803
3,1258,-20.0,101.132732629776,889541
3,1259,-20.0,104.72714161872864,890301
3,1260,-20.0,100.46556305885315,891025
3,1261,-20.0,102.90639781951904,891770
3,1262,-20.0,104.63950943946838,892532
3,1263,200.0,16.657973766326904,892645
3,1264,-20.0,104.24451470375061,893411
3,1265,-20.0,104.50035285949707,894169
3,1266,-20.0,103.11576890945435,894915
3,1267,-20.0,101.63422656059265,895655
3,1268,-20.0,101.33703684806824,896390
3,1269,-20.0,105.51044726371765,897160
3,1270,-20.0,103.51247096061707,897915
3,1271,-20.0,104.08529162406921,898674
3,1272,-20.0,101.76949167251587,899419
3,1273,-20.0,105.58977246284485,900191
3,1274,-20.0,105.60777974128723,900952
3,1275,-20.0,103.48740792274475,901704
3,1276,-20.0,104.9303810596466,902475
3,1277,-20.0,103.19066786766052,903216
3,1278,-20.0,106.23906397819519,903969
3,1279,-20.0,106.18568229675293,904734
3,1280,-20.0,102.97777056694031,905482
3,1281,-20.0,104.74266314506531,906234
3,1282,-20.0,101.51663589477539,906965
3,1283,-20.0,100.4787769317627,907693
3,1284,-20.0,105.3687789440155,908459
3,1285,-20.0,104.20510268211365,909224
3,1286,-20.0,104.5484983921051,909984
3,1287,-20.0,101.0927665233612,910724
3,1288,-20.0,101.16276574134827,911465
3,1289,-20.0,103.10146689414978,912214
3,1290,200.0,34.8689169883728,912460
3,1291,-20.0,105.0885100364685,913214
3,1292,-20.0,103.20256876945496,913960
3,1293,-20.0,100.53072381019592,914692
3,1294,-20.0,100.05454874038696,915425
3,1295,-20.0,100.86798882484436,916163
3,1296,-20.0,104.2805392742157,916914
3,1297,-20.0,103.68719387054443,917663
3,1298,200.0,40.89103651046753,917959
3,1299,-20.0,105.17354559898376,918727
3,1300,-20.0,104.14831900596619,919487
3,1301,-20.0,104.42953085899353,920240
3,1302,-20.0,99.78645277023315,920960
3,1303,-20.0,101.50635194778442,921700
3,1304,-20.0,103.14632773399353,922447
3,1305,-20.0,102.58522582054138,923196
3,1306,-20.0,101.58538603782654,923934
3,1307,-20.0,107.31604814529419,924705
3,1308,-20.0,101.18967533111572,925440
3,1309,-20.0,101.75143313407898,926188
3,1310,-20.0,102.46159076690674,926934
3,1311,-20.0,100.89181971549988,927678
3,1312,-20.0,104.223628282547,928440
3,1313,-20.0,105.8125057220459,929201
3,1314,-20.0,104.82990741729736,929949
3,1315,-20.0,102.6168122291565,930690
3,1316,200.0,67.8469009399414,931187
3,1317,200.0,20.743464708328247,931333
3,1318,-20.0,104.17038917541504,932080
3,1319,-20.0,103.89491295814514,932847
3,1320,-20.0,105.42894887924194,933603
3,1321,-20.0,106.41178345680237,934353
3,1322,-20.0,101.94501805305481,935078
3,1323,-20.0,102.33517980575562,935825
3,1324,200.0,29.949684143066406,936033
3,1325,-20.0,101.71728253364563,936781
3,1326,-20.0,89.74226903915405,937458
3,1327,-20.0,104.42670631408691,938211
3,1328,-20.0,101.82949376106262,938956
3,1329,200.0,24.439123153686523,939126
3,1330,-20.0,102.9745864868164,939875
3,1331,-20.0,103.71985244750977,940613
3,1332,-20.0,102.49107933044434,941358
3,1333,-20.0,106.76339888572693,942116
3,1334,-20.0,102.97658896446228,942850
3,1335,-20.0,104.22673058509827,943593
3,1336,-20.0,102.05297470092773,944339
3,1337,-20.0,105.87741422653198,945106
3,1338,-20.0,102.2405436038971,945851
3,1339,-20.0,99.8580412864685,946591
3,1340,-20.0,102.85803461074829,947325
3,1341,-20.0,104.09038829803467,948078
3,1342,200.0,23.523613214492798,948240
3,1343,-20.0,102.25552868843079,948982
3,1344,-20.0,101.45789217948914,949718
3,1345,-20.0,100.98400235176086,950457
3,1346,200.0,71.56539750099182,950986
3,1347,-20.0,102.6307635307312,951727
3,1348,-20.0,100.03379011154175,952461
3,1349,200.0,3.384679079055786,952479
3,1350,-20.0,104.16027188301086,953230
3,1351,-20.0,104.66763663291931,953987
3,1352,-20.0,105.65709686279297,954750
3,1353,-20.0,102.59138822555542,955491
3,1354,-20.0,109.71771883964539,956280
3,1355,-20.0,101.801100730896,957018
3,1356,-20.0,104.99045753479004,957771
3,1357,-20.0,103.66125464439392,958528
3,1358,-20.0,102.9072732925415,959277
3,1359,-20.0,105.53785490989685,960038
3,1360,-20.0,102.50185990333557,960782
3,1361,-20.0,103.22047519683838,961543
3,1362,-20.0,100.11554980278015,962266
3,1363,-20.0,108.77823877334595,963031
3,1364,-20.0,102.9315538406372,963775
3,1365,-20.0,103.16248083114624,964520
3,1366,-20.0,103.07862782478333,965266
3,1367,-20.0,102.04811263084412,966003
3,1368,-20.0,104.63011574745178,966756
3,1369,-20.0,106.5293800830841,967521
3,1370,-20.0,102.01650357246399,968262
3,1371,-20.0,104.35874152183533,969019
3,1372,-20.0,102.61626982688904,969758
3,1373,-20.0,104.87126469612122,970518
3,1374,-20.0,106.22206282615662,971285
3,1375,-20.0,108.60396814346313,972061
3,1376,-20.0,107.014901638031,972836
3,1377,-20.0,104.27222943305969,973587
3,1378,-20.0,106.58183884620667,974344
3,1379,-20.0,104.46773934364319,975099
3,1380,200.0,3.361367702484131,975119
3,1381,-20.0,104.48013544082642,975885
3,1382,-20.0,100.03064131736755,976621
3,1383,-20.0,103.03058743476868,977374
3,1384,-20.0,104.1149914264679,978138
3,1385,-20.0,106.09042048454285,978916
3,1386,-20.0,101.54031777381897,979653
3,1387,-20.0,104.65621495246887,980413
3,1388,-20.0,106.57957363128662,981175
3,1389,-20.0,101.93233871459961,981919
3,1390,-20.0,102.94177913665771,982664
3,1391,-20.0,104.44379472732544,983414
3,1392,-20.0,103.53318643569946,984162
3,1393,-20.0,99.95648145675659,984893
3,1394,-20.0,104.7119734287262,985651
3,1395,-20.0,101.2075457572937,986394
3,1396,-20.0,105.91808414459229,987154
3,1397,-20.0,98.66065120697021,987875
3,1398,-20.0,103.4406087398529,988626
3,1399,-20.0,101.00128245353699,989357
3,1400,-20.0,101.24824476242065,990095
3,1401,-20.0,103.60316109657288,990840
3,1402,-20.0,107.48588109016418,991612
3,1403,-20.0,104.14468932151794,992364
3,1404,-20.0,101.37731599807739,993102
3,1405,-20.0,103.92911076545715,993846
3,1406,-20.0,103.80240368843079,994593
3,1407,-20.0,101.92428517341614,995333
3,1408,-20.0,104.67167496681213,996099
3,1409,-20.0,104.2169086933136,996861
3,1410,-20.0,104.74829483032227,997618
3,1411,-20.0,104.17087125778198,998375
3,1412,-20.0,102.74889326095581,999116
3,1413,-20.0,102.46372556686401,999858
3,1414,-20.0,103.59314155578613,1000608
3,1415,-20.0,100.60789465904236,1001335
3,1416,-20.0,101.6526529788971,1002077
3,1417,-20.0,107.07746458053589,1002832
3,1418,-20.0,104.19790935516357,1003589
3,1419,-20.0,102.97336840629578,1004336
3,1420,-20.0,101.0222589969635,1005065
3,1421,-20.0,106.0019838809967,1005828
3,1422,-20.0,103.82646298408508,1006574
3,1423,-20.0,102.3109290599823,1007313
3,1424,-20.0,101.70737338066101,1008053
3,1425,-20.0,107.03652143478394,1008820
3,1426,-20.0,102.63276076316833,1009572
3,1427,-20.0,102.54245901107788,1010313
3,1428,-20.0,103.04019260406494,1011060
3,1429,-20.0,103.01314854621887,1011811
3,1430,-20.0,102.36926341056824,1012550
3,1431,200.0,3.113487958908081,1012568
3,1432,200.0,19.314876079559326,1012703
3,1433,-20.0,104.72679948806763,1013460
3,1434,-20.0,101.25173234939575,1014182
3,1435,-20.0,106.26710557937622,1014938
3,1436,-20.0,104.24406337738037,1015684
3,1437,-20.0,104.71374249458313,1016443
3,1438,-20.0,101.84293103218079,1017186
3,1439,-20.0,103.34831023216248,1017919
3,1440,-20.0,102.10453391075134,1018658
3,1441,200.0,3.2771811485290527,1018676
3,1442,-20.0,104.03289699554443,1019426
3,1443,-20.0,105.11973524093628,1020186
3,1444,-20.0,103.24656224250793,1020939
3,1445,-20.0,102.30988502502441,1021683
3,1446,-20.0,104.24093556404114,1022441
3,1447,-20.0,104.45753860473633,1023187
3,1448,-20.0,101.48505330085754,1023927
3,1449,-20.0,102.03514885902405,1024665
3,1450,-20.0,106.06190013885498,1025430
3,1451,200.0,23.148579597473145,1025591
3,1452,-20.0,103.74422550201416,1026345
3,1453,-20.0,104.2227714061737,1027096
3,1454,-20.0,101.32231092453003,1027840
3,1455,-20.0,103.17334151268005,1028586
3,1456,-20.0,101.17639350891113,1029318
3,1457,-20.0,101.50157809257507,1030061
3,1458,-20.0,103.88419985771179,1030818
3,1459,-20.0,102.18880343437195,1031554
3,1460,-20.0,101.09060645103455,1032284
3,1461,-20.0,101.94059157371521,1033022
3,1462,-20.0,104.685964345932,1033767
3,1463,-20.0,103.956547498703,1034524
3,1464,-20.0,102.40634799003601,1035270
3,1465,-20.0,106.77552366256714,1036036
3,1466,-20.0,101.47455978393555,1036768
3,1467,-20.0,103.63077712059021,1037523
3,1468,-20.0,99.03301286697388,1038243
3,1469,-20.0,103.57465887069702,1038984
3,1470,-20.0,103.88598012924194,1039729
3,1471,-20.0,101.95705032348633,1040459
3,1472,-20.0,105.35924744606018,1041209
3,1473,200.0,26.41677212715149,1041396
3,1474,-20.0,104.96070551872253,1042138
3,1475,-20.0,105.8177011013031,1042890
3,1476,-20.0,105.61621618270874,1043653
3,1477,-20.0,102.77580404281616,1044405
3,1478,-20.0,104.31857752799988,1045156
3,1479,-20.0,102.17970299720764,1045901
3,1480,-20.0,101.35366201400757,1046630
3,1481,-20.0,101.98868918418884,1047366
3,1482,-20.0,101.87699866294861,1048106
3,1483,-20.0,104.86316180229187,1048868
3,1484,-20.0,104.70272898674011,1049623
3,1485,-20.0,99.50123310089111,1050349
3,1486,-20.0,102.89922142028809,1051092
3,1487,-20.0,102.11248183250427,1051827
3,1488,-20.0,102.33820366859436,1052572
3,1489,-20.0,101.65393710136414,1053306
3,1490,-20.0,103.19530439376831,1054051
3,1491,-20.0,101.32613921165466,1054783
3,1492,-20.0,105.11591720581055,1055542
3,1493,-20.0,101.73411893844604,1056268
3,1494,-20.0,101.65305757522583,1057007
3,1495,200.0,3.3218414783477783,1057025
3,1496,-20.0,105.7123441696167,1057790
3,1497,-20.0,105.25526762008667,1058551
3,1498,-20.0,103.61715698242188,1059299
3,1499,-20.0,103.94546055793762,1060044
3,1500,-20.0,105.342289686203,1060796
3,1501,-20.0,107.90265011787415,1061560
3,1502,-20.0,103.96024894714355,1062314
3,1503,-20.0,106.65578031539917,1063073
3,1504,-20.0,104.64014101028442,1063837
3,1505,-20.0,103.13314151763916,1064581
3,1506,-20.0,102.64554977416992,1065323
3,1507,200.0,12.578369617462158,1065410
3,1508,-20.0,105.1575813293457,1066167
3,1509,-20.0,104.04894351959229,1066928
3,1510,-20.0,103.1880886554718,1067673
3,1511,-20.0,104.9424467086792,1068439
3,1512,-20.0,104.13107514381409,1069185
3,1513,-20.0,102.60783910751343,1069929
3,1514,-20.0,103.53496599197388,1070680
3,1515,-20.0,105.80864262580872,1071445
3,1516,-20.0,102.98648476600647,1072180
3,1517,-20.0,106.02826523780823,1072937
3,1518,-20.0,102.22157979011536,1073680
3,1519,-20.0,103.63369297981262,1074428
3,1520,-20.0,106.52598142623901,1075191
3,1521,-20.0,103.42552328109741,1075940
3,1522,200.0,3.309340238571167,1075960
3,1523,-20.0,103.95948386192322,1076713
3,1524,-20.0,104.86679005622864,1077464
3,1525,-20.0,104.95371460914612,1078224
3,1526,-20.0,105.8234212398529,1078978
3,1527,-20.0,100.0342309474945,1079700
3,1528,-20.0,102.87813687324524,1080445
3,1529,-20.0,101.26718711853027,1081174
3,1530,-20.0,103.53224563598633,1081919
3,1531,-20.0,101.08548974990845,1082657
3,1532,-20.0,99.77734565734863,1083383
3,1533,-20.0,103.8855049610138,1084130
3,1534,-20.0,102.02405285835266,1084877
3,1535,-20.0,101.72230315208435,1085611
3,1536,-20.0,102.10792255401611,1086351
3,1537,-20.0,102.43643641471863,1087094
3,1538,-20.0,103.31212949752808,1087844
3,1539,-20.0,103.4145998954773,1088586
3,1540,-20.0,105.45857834815979,1089334
3,1541,-20.0,103.94553709030151,1090085
3,1542,-20.0,103.73519968986511,1090837
3,1543,-20.0,102.54686760902405,1091588
3,1544,-20.0,100.78832340240479,1092309
3,1545,-20.0,101.99874663352966,1093049
3,1546,-20.0,104.1083037853241,1093801
3,1547,-20.0,103.97712779045105,1094547
3,1548,-20.0,99.58693337440491,1095267
3,1549,-20.0,102.88747191429138,1096011
3,1550,-20.0,104.40022158622742,1096766
3,1551,-20.0,103.20290040969849,1097509
3,1552,-20.0,103.20028018951416,1098254
3,1553,-20.0,104.8544054031372,1099008
3,1554,-20.0,104.17481756210327,1099776
3,1555,-20.0,103.0390899181366,1100514
3,1556,-20.0,105.44070768356323,1101274
3,1557,-20.0,100.332594871521,1101991
3,1558,-20.0,107.61313652992249,1102761
3,1559,200.0,37.627610206604004,1103028
3,1560,-20.0,105.24162268638611,1103774
3,1561,-20.0,104.61584258079529,1104529
3,1562,-20.0,105.96966242790222,1105293
3,1563,-20.0,101.40873384475708,1106031
3,1564,-20.0,102.30043482780457,1106768
3,1565,-20.0,101.20126867294312,1107506
3,1566,-20.0,103.20467686653137,1108244
3,1567,-20.0,101.996755361557,1108982
3,1568,-20.0,101.35943007469177,1109709
3,1569,-20.0,104.1903977394104,1110460
3,1570,-20.0,101.92813277244568,1111214
3,1571,-20.0,102.7260229587555,1111963
3,1572,-20.0,101.75839686393738,1112705
3,1573,-20.0,102.84532618522644,1113443
3,1574,-20.0,106.18554854393005,1114212
3,1575,-20.0,105.20321273803711,1114973
3,1576,-20.0,99.64805555343628,1115695
3,1577,-20.0,102.55194473266602,1116439
3,1578,-20.0,106.86504769325256,1117204
3,1579,-20.0,101.81794023513794,1117937
3,1580,-20.0,101.24525046348572,1118669
3,1581,-20.0,103.65273952484131,1119420
3,1582,-20.0,100.02797508239746,1120133
3,1583,-20.0,103.11664962768555,1120884
3,1584,-20.0,106.21953701972961,1121646
3,1585,-20.0,100.91768503189087,1122376
3,1586,-20.0,104.89874124526978,1123136
3,1587,-20.0,104.03306865692139,1123890
3,1588,-20.0,103.67358946800232,1124640
3,1589,-20.0,101.4130129814148,1125378
3,1590,-20.0,104.22967791557312,1126131
3,1591,-20.0,104.45408415794373,1126880
3,1592,-20.0,104.59135580062866,1127641
3,1593,-20.0,103.1829514503479,1128389
3,1594,-20.0,102.50075554847717,1129130
3,1595,-20.0,99.24092769622803,1129854
3,1596,200.0,4.404832124710083,1129875
3,1597,-20.0,105.37903833389282,1130629
3,1598,-20.0,101.85747766494751,1131370
3,1599,-20.0,99.22519659996033,1132084
3,1600,-20.0,102.64126300811768,1132817
3,1601,-20.0,102.97098398208618,1133563
3,1602,-20.0,104.97406196594238,1134320
3,1603,-20.0,103.10603880882263,1135068
3,1604,-20.0,102.8194432258606,1135814
3,1605,-20.0,105.35412859916687,1136564
3,1606,-20.0,101.13351917266846,1137290
3,1607,-20.0,102.55745148658752,1138029
3,1608,-20.0,105.95419573783875,1138788
3,1609,200.0,3.2381908893585205,1138808
3,1610,-20.0,104.84401178359985,1139560
3,1611,-20.0,103.82210063934326,1140304
3,1612,-20.0,102.24554920196533,1141046
3,1613,-20.0,105.76901721954346,1141808
3,1614,-20.0,106.03655529022217,1142569
3,1615,-20.0,100.46764731407166,1143302
3,1616,-20.0,106.6603422164917,1144068
3,1617,-20.0,102.49876308441162,1144806
3,1618,-20.0,103.40545773506165,1145553
3,1619,-20.0,103.1869683265686,1146298
3,1620,-20.0,103.55753898620605,1147034
3,1621,-20.0,104.78892803192139,1147788
3,1622,-20.0,102.55440640449524,1148530
3,1623,-20.0,102.18046879768372,1149265
3,1624,-20.0,104.86710691452026,1150024
3,1625,-20.0,103.57459950447083,1150779
3,1626,-20.0,104.55373334884644,1151532
3,1627,-20.0,99.16284322738647,1152253
3,1628,-20.0,101.57998132705688,1152986
3,1629,-20.0,105.31219625473022,1153739
3,1630,-20.0,104.47668671607971,1154490
3,1631,200.0,2.9791667461395264,1154507
3,1632,-20.0,66.16103005409241,1155046
3,1633,200.0,3.777984380722046,1155067
3,1634,-20.0,105.32752513885498,1155824
3,1635,-20.0,103.8545286655426,1156580
3,1636,-20.0,104.33279323577881,1157325
3,1637,-20.0,104.0285484790802,1158068
3,1638,-20.0,101.7327527999878,1158803
3,1639,-20.0,103.06099319458008,1159543
3,1640,-20.0,103.17136096954346,1160293
3,1641,-20.0,102.02281332015991,1161029
3,1642,-20.0,102.64553380012512,1161775
3,1643,-20.0,107.518301486969,1162552
3,1644,-20.0,100.79866361618042,1163290
3,1645,-20.0,106.78774094581604,1164053
3,1646,-20.0,100.1916708946228,1164766
3,1647,-20.0,100.82436513900757,1165503
3,1648,-20.0,103.89834332466125,1166247
3,1649,-20.0,103.1734766960144,1166984
3,1650,-20.0,103.53292775154114,1167734
3,1651,-20.0,104.5653805732727,1168500
3,1652,-20.0,107.41312098503113,1169259
3,1653,-20.0,104.64174175262451,1170016
3,1654,-20.0,103.94501495361328,1170767
3,1655,-20.0,103.31236338615417,1171509
3,1656,-20.0,101.40544867515564,1172244
3,1657,-20.0,100.21687722206116,1172970
3,1658,-20.0,103.88116359710693,1173724
3,1659,-20.0,103.2091691493988,1174467
3,1660,200.0,12.204848051071167,1174552
3,1661,-20.0,104.52535820007324,1175316
3,1662,-20.0,105.68475008010864,1176079
3,1663,200.0,94.60992574691772,1176741
3,1664,-20.0,102.38431167602539,1177477
3,1665,-20.0,101.45152044296265,1178215
3,1666,-20.0,104.41946005821228,1178960
3,1667,-20.0,103.91879105567932,1179705
3,1668,-20.0,105.85067367553711,1180482
3,1669,200.0,17.174859046936035,1180601
3,1670,-20.0,103.35595083236694,1181351
3,1671,-20.0,101.82523727416992,1182087
3,1672,-20.0,108.06815361976624,1182851
3,1673,-20.0,105.91396403312683,1183610
3,1674,-20.0,104.47107863426208,1184360
3,1675,-20.0,104.28695940971375,1185116
3,1676,-20.0,103.41717863082886,1185844
3,1677,-20.0,101.57725214958191,1186577
3,1678,-20.0,104.16544580459595,1187331
3,1679,-20.0,103.19600582122803,1188075
3,1680,-20.0,101.46650838851929,1188802
3,1681,-20.0,104.83288478851318,1189551
3,1682,-20.0,101.99215817451477,1190277
3,1683,-20.0,100.44128012657166,1190997
3,1684,-20.0,100.88203430175781,1191714
3,1685,-20.0,102.65612077713013,1192452
3,1686,-20.0,106.14493489265442,1193204
3,1687,-20.0,104.99107789993286,1193947
3,1688,-20.0,103.61263823509216,1194697
3,1689,-20.0,104.3355164527893,1195445
3,1690,-20.0,103.39187574386597,1196194
3,1691,-20.0,104.97869634628296,1196941
3,1692,-20.0,100.59002947807312,1197674
3,1693,-20.0,105.63337874412537,1198434
3,1694,-20.0,103.19869613647461,1199172
3,1695,-20.0,103.48874831199646,1199918
3,1696,-20.0,102.52960968017578,1200655
3,1697,-20.0,100.867680311203,1201391
3,1698,-20.0,103.21840691566467,1202141
3,1699,-20.0,103.34255027770996,1202885
3,1700,-20.0,104.63203644752502,1203628
3,1701,-20.0,101.99939179420471,1204368
3,1702,-20.0,101.04128503799438,1205107
3,1703,-20.0,100.97000432014465,1205836
3,1704,-20.0,103.59181380271912,1206577
3,1705,-20.0,104.02031755447388,1207321
3,1706,-20.0,101.87083148956299,1208057
3,1707,-20.0,102.16579914093018,1208788
3,1708,-20.0,105.6099259853363,1209544
3,1709,-20.0,105.89362263679504,1210300
3,1710,-20.0,104.53485369682312,1211057
3,1711,-20.0,103.16345715522766,1211799
3,1712,-20.0,102.30969071388245,1212536
3,1713,-20.0,104.64210271835327,1213284
3,1714,-20.0,102.2013475894928,1214031
3,1715,-20.0,103.5594277381897,1214781
3,1716,-20.0,105.91168332099915,1215543
3,1717,-20.0,103.27946949005127,1216287
3,1718,-20.0,104.74632954597473,1217041
3,1719,-20.0,102.21046876907349,1217779
3,1720,-20.0,103.35963797569275,1218529
3,1721,-20.0,103.9860463142395,1219266
3,1722,200.0,28.104784727096558,1219465
3,1723,-20.0,107.99774742126465,1220228
3,1724,-20.0,104.42629599571228,1220978
3,1725,-20.0,102.74866962432861,1221716
3,1726,-20.0,103.73531126976013,1222463
3,1727,-20.0,103.70301651954651,1223213
3,1728,-20.0,105.31928825378418,1223976
3,1729,-20.0,104.97739553451538,1224724
3,1730,-20.0,105.15864396095276,1225481
3,1731,-20.0,103.60485553741455,1226230
3,1732,-20.0,103.31738114356995,1226970
3,1733,-20.0,104.67898750305176,1227723
3,1734,-20.0,99.79991936683655,1228448
3,1735,200.0,20.978758573532104,1228598
3,1736,-20.0,102.99033236503601,1229348
3,1737,-20.0,104.45469975471497,1230108
3,1738,-20.0,102.73031234741211,1230858
3,1739,200.0,3.1007773876190186,1230877
3,1740,-20.0,105.29864120483398,1231643
3,1741,-20.0,100.53807640075684,1232379
3,1742,200.0,14.562368154525757,1232473
3,1743,-20.0,101.83090281486511,1233208
3,1744,-20.0,105.37575554847717,1233959
3,1745,-20.0,100.54263067245483,1234686
3,1746,-20.0,102.10765385627747,1235422
3,1747,-20.0,102.92513942718506,1236169
3,1748,-20.0,105.96893072128296,1236932
3,1749,-20.0,102.74910426139832,1237674
3,1750,-20.0,102.17459893226624,1238412
3,1751,-20.0,101.90620613098145,1239150
3,1752,-20.0,105.48224067687988,1239911
3,1753,-20.0,103.1783356666565,1240653
3,1754,-20.0,105.39395952224731,1241410
3,1755,-20.0,104.17193841934204,1242152
3,1756,-20.0,104.79113912582397,1242913
3,1757,-20.0,105.34306621551514,1243669
3,1758,-20.0,103.49038672447205,1244419
3,1759,-20.0,101.533682346344,1245150
3,1760,200.0,36.08051943778992,1245400
3,1761,-20.0,105.54521346092224,1246161
3,1762,-20.0,103.89293646812439,1246911
3,1763,-20.0,100.9376130104065,1247646
3,1764,-20.0,104.4855318069458,1248402
3,1765,-20.0,105.82428121566772,1249162
3,1766,-20.0,106.0998694896698,1249929
3,1767,-20.0,107.50887107849121,1250691
3,1768,-20.0,106.316237449646,1251458
3,1769,-20.0,102.66731142997742,1252200
3,1770,-20.0,103.94069218635559,1252948
3,1771,-20.0,101.61644101142883,1253683
3,1772,-20.0,102.90005683898926,1254431
3,1773,-20.0,103.95055508613586,1255181
3,1774,-20.0,104.06398677825928,1255926
3,1775,200.0,3.2943999767303467,1255943
3,1776,-20.0,106.6419415473938,1256704
3,1777,-20.0,103.86758136749268,1257455
3,1778,-20.0,103.39940738677979,1258212
3,1779,-20.0,105.29455327987671,1258978
3,1780,-20.0,105.10306310653687,1259722
3,1781,-20.0,106.87951040267944,1260490
3,1782,-20.0,105.79551815986633,1261246
3,1783,-20.0,105.82853126525879,1262011
3,1784,-20.0,101.17745041847229,1262744
3,1785,-20.0,102.35584616661072,1263482
3,1786,-20.0,104.43171286582947,1264228
3,1787,-20.0,102.58167576789856,1264953
3,1788,-20.0,105.04664421081543,1265695
3,1789,-20.0,100.92479586601257,1266419
3,1790,-20.0,104.00976133346558,1267171
3,1791,-20.0,101.5963282585144,1267905
3,1792,-20.0,102.52770900726318,1268642
3,1793,-20.0,102.18330955505371,1269381
3,1794,-20.0,105.1027421951294,1270127
3,1795,-20.0,104.65814256668091,1270871
3,1796,-20.0,102.82986640930176,1271609
3,1797,-20.0,104.67882943153381,1272355
3,1798,-20.0,104.03211092948914,1273101
3,1799,-20.0,105.93222117424011,1273849
3,1800,-20.0,105.16495895385742,1274598
3,1801,-20.0,100.87811732292175,1275328
3,1802,-20.0,102.3515796661377,1276063
3,1803,-20.0,105.35270595550537,1276817
3,1804,-20.0,105.79041695594788,1277573
3,1805,-20.0,103.57770991325378,1278319
3,1806,200.0,31.130539655685425,1278545
3,1807,-20.0,103.16888070106506,1279291
3,1808,-20.0,101.92497634887695,1280032
3,1809,-20.0,104.5018663406372,1280783
3,1810,-20.0,105.82058930397034,1281530
3,1811,-20.0,105.04913854598999,1282285
3,1812,200.0,11.870688676834106,1282360
3,1813,-20.0,104.16590332984924,1283108
3,1814,-20.0,101.14192175865173,1283832
3,1815,-20.0,102.03847193717957,1284572
3,1816,-20.0,105.70952033996582,1285333
3,1817,-20.0,101.39955759048462,1286072
3,1818,-20.0,103.20572519302368,1286814
3,1819,-20.0,107.68175172805786,1287586
3,1820,-20.0,104.0622992515564,1288351
3,1821,-20.0,103.07876896858215,1289102
3,1822,-20.0,104.11592388153076,1289856
3,1823,-20.0,105.45461702346802,1290623
3,1824,-20.0,102.15373182296753,1291363
3,1825,-20.0,102.99930739402771,1292106
3,1826,-20.0,101.34354162216187,1292836
3,1827,-20.0,100.65547108650208,1293563
3,1828,-20.0,102.69361639022827,1294303
3,1829,-20.0,104.7377815246582,1295035
3,1830,-20.0,104.19045305252075,1295792
3,1831,-20.0,107.0185010433197,1296566
3,1832,-20.0,103.14323782920837,1297307
3,1833,-20.0,102.8048996925354,1298039
3,1834,-20.0,105.13511657714844,1298796
3,1835,-20.0,103.76866436004639,1299550
3,1836,-20.0,103.37415218353271,1300283
3,1837,-20.0,103.28700089454651,1301030
3,1838,-20.0,103.33303546905518,1301778
3,1839,-20.0,105.47392439842224,1302541
3,1840,-20.0,103.47149562835693,1303281
3,1841,-20.0,101.0358235836029,1304013
3,1842,-20.0,103.68611001968384,1304739
3,1843,-20.0,102.6714494228363,1305474
3,1844,-20.0,106.14222311973572,1306233
3,1845,200.0,11.550426483154297,1306314
3,1846,-20.0,102.66052603721619,1307063
3,1847,-20.0,101.91407203674316,1307803
3,1848,-20.0,104.91550922393799,1308549
3,1849,-20.0,105.96910333633423,1309303
3,1850,-20.0,64.96425151824951,856863
3,1851,-20.0,1.6149001121520996,856878
3,1852,-20.0,65.60012149810791,857618
3,1853,-20.0,74.78968048095703,858435
3,1854,-20.0,74.16548371315002,859253
3,1855,-20.0,2.100759744644165,859274
3,1856,-20.0,1.8793907165527344,859293
3,1857,-20.0,62.341835260391235,859974
3,1858,-20.0,65.10477209091187,860697
3,1859,-20.0,17.734554529190063,860896
3,1860,-20.0,19.182023525238037,861116
3,1861,-20.0,73.92516255378723,861928
3,1862,-20.0,84.1037745475769,862848
3,1863,-20.0,73.96532106399536,863667
3,1864,-20.0,1.8883602619171143,863683
3,1865,-20.0,1.8864095211029053,863701
3,1866,-20.0,19.59080481529236,863911
3,1867,-20.0,2.1204965114593506,863932
3,1868,-20.0,2.00854754447937,863951
3,1869,-20.0,63.94615292549133,864662
3,1870,-20.0,19.461974382400513,864871
3,1871,-20.0,2.022507905960083,864889
3,1872,-20.0,46.68939661979675,865426
3,1873,-20.0,27.73677158355713,865740
3,1874,-20.0,1.9334485530853271,865758
3,1875,-20.0,70.8739287853241,866536
3,1876,-20.0,2.314497232437134,866557
3,1877,-20.0,20.902134895324707,866772
3,1878,200.0,6.991108417510986,866825
3,1879,-20.0,70.45477247238159,867608
3,1880,-20.0,77.56178617477417,868465
3,1881,-20.0,19.694793462753296,868674
3,1882,-20.0,17.312783241271973,868863
3,1883,200.0,43.0344123840332,869336
3,1884,-20.0,19.650086879730225,869547
3,1885,-20.0,67.01671552658081,870291
3,1886,-20.0,2.0021939277648926,870310
3,1887,-20.0,71.62804317474365,871094
3,1888,-20.0,73.38474774360657,871913
3,1889,-20.0,80.97471809387207,872792
3,1890,-20.0,77.97078394889832,873637
3,1891,-20.0,72.12288641929626,874431
3,1892,-20.0,85.4016375541687,875355
3,1893,-20.0,67.24734950065613,876111
3,1894,-20.0,73.70176768302917,876926
3,1895,-20.0,69.26677751541138,877663
3,1896,-20.0,64.79398131370544,878346
3,1897,-20.0,75.24459505081177,879156
3,1898,-20.0,76.03413510322571,880002
3,1899,-20.0,71.63223910331726,880783
3,1900,-20.0,72.91828894615173,881576
3,1901,-20.0,66.00111770629883,882298
3,1902,-20.0,75.47302198410034,883099
3,1903,-20.0,68.74633049964905,883846
3,1904,-20.0,20.24379825592041,884070
3,1905,-20.0,17.94706392288208,884255
3,1906,-20.0,77.44488286972046,885107
3,1907,-20.0,1.7064917087554932,885124
3,1908,-20.0,27.97857141494751,885436
3,1909,-20.0,64.19215130805969,886131
3,1910,-20.0,73.13036108016968,886917
3,1911,200.0,59.50351905822754,887567
3,1912,-20.0,1.5900547504425049,887578
3,1913,-20.0,88.82721710205078,888553
3,1914,-20.0,83.84614324569702,889447
3,1915,-20.0,17.9235520362854,889639
3,1916,-20.0,1.7508394718170166,889653
3,1917,-20.0,1.8086841106414795,889672
3,1918,-20.0,1.8561086654663086,889691
3,1919,-20.0,2.084181547164917,889712
3,1920,-20.0,1.8207921981811523,889729
3,1921,-20.0,1.8461461067199707,889748
3,1922,-20.0,82.68407416343689,890639
3,1923,-20.0,21.946804761886597,890874
3,1924,-20.0,2.393299102783203,890897
3,1925,-20.0,1.9170539379119873,890914
3,1926,-20.0,2.245849132537842,890937
3,1927,-20.0,21.683075189590454,891177
3,1928,-20.0,2.2309508323669434,891195
3,1929,-20.0,2.348294258117676,891213
3,1930,-20.0,76.81627583503723,892069
3,1931,-20.0,73.75027513504028,892889
3,1932,-20.0,50.34555435180664,893431
3,1933,-20.0,2.136854410171509,893452
3,1934,-20.0,78.9769721031189,894319
3,1935,-20.0,70.08054685592651,895096
3,1936,-20.0,66.99639773368835,895814
3,1937,-20.0,17.923027276992798,895999
3,1938,-20.0,43.801161766052246,896480
3,1939,-20.0,71.32074928283691,897278
3,1940,-20.0,70.55630803108215,898048
3,1941,-20.0,1.803948163986206,898066
3,1942,-20.0,1.6253314018249512,898080
3,1943,-20.0,20.69153642654419,898307
3,1944,-20.0,1.863734483718872,898327
3,1945,-20.0,71.62082576751709,899105
3,1946,-20.0,76.2534294128418,899935
3,1947,-20.0,2.2922136783599854,899956
3,1948,-20.0,72.89681124687195,900744
3,1949,-20.0,68.72115421295166,901483
3,1950,-20.0,71.8375916481018,902278
3,1951,-20.0,67.94158387184143,903015
3,1952,-20.0,70.03056335449219,903801
3,1953,-20.0,1.8490302562713623,903817
3,1954,-20.0,71.85042476654053,904584
3,1955,-20.0,20.227722883224487,904803
3,1956,200.0,42.294832944869995,905251
3,1957,-20.0,75.06559610366821,906071
3,1958,-20.0,77.33050608634949,906902
3,1959,-20.0,2.1670360565185547,906921
3,1960,-20.0,75.26459288597107,907733
3,1961,-20.0,20.597760438919067,907953
3,1962,200.0,19.524800300598145,908156
3,1963,-20.0,18.50645637512207,908361
3,1964,-20.0,17.805609226226807,908557
3,1965,-20.0,90.7100236415863,909530
3,1966,-20.0,62.690125465393066,910199
3,1967,-20.0,2.2314813137054443,910220
3,1968,-20.0,1.67793607711792,910232
3,1969,200.0,8.843102216720581,910314
3,1970,-20.0,21.615061283111572,910555
3,1971,-20.0,19.10214900970459,910761
3,1972,-20.0,1.937741994857788,910779
3,1973,-20.0,1.8876063823699951,910798
3,1974,-20.0,2.072157382965088,910817
3,1975,-20.0,37.54445552825928,911234
3,1976,-20.0,19.38899803161621,911449
3,1977,-20.0,73.89357018470764,912256
3,1978,-20.0,67.91428327560425,912986
3,1979,-20.0,72.53434085845947,913783
3,1980,200.0,20.491565227508545,913993
3,1981,-20.0,48.539369106292725,914529
3,1982,-20.0,87.26276397705078,915478
3,1983,-20.0,72.7195827960968,916262
3,1984,-20.0,71.7414882183075,917047
3,1985,-20.0,79.37254667282104,917913
3,1986,-20.0,2.2092154026031494,917933
3,1987,-20.0,86.0565333366394,918879
3,1988,-20.0,62.426377058029175,919563
3,1989,-20.0,1.880312442779541,919581
3,1990,-20.0,73.95682001113892,920378
3,1991,-20.0,86.51156687736511,921320
3,1992,-20.0,88.94469904899597,922287
3,1993,-20.0,72.92112898826599,923065
3,1994,-20.0,76.83560252189636,923901
3,1995,-20.0,90.11826038360596,924879
3,1996,-20.0,71.40046405792236,925662
3,1997,-20.0,77.00434422492981,926485
3,1998,-20.0,67.25557208061218,927209
3,1999,-20.0,77.0450427532196,928032
3,2000,-20.0,72.8882167339325,928808
3,2001,-20.0,67.6787223815918,929548
3,2002,-20.0,66.13440585136414,930278
3,2003,-20.0,19.538917064666748,930493
3,2004,-20.0,83.59343719482422,931399
3,2005,-20.0,20.16755771636963,931619
3,2006,-20.0,1.8633899688720703,931635
3,2007,-20.0,90.68927335739136,932615
3,2008,-20.0,2.125396490097046,932635
3,2009,-20.0,70.80030965805054,933418
3,2010,-20.0,1.9677741527557373,933438
3,2011,-20.0,17.81911301612854,933636
3,2012,-20.0,21.550063133239746,933874
3,2013,-20.0,64.02565479278564,934576
3,2014,-20.0,84.17508959770203,935480
3,2015,-20.0,81.46184253692627,936354
3,2016,-20.0,72.77883887290955,937166
3,2017,-20.0,1.9584591388702393,937182
3,2018,-20.0,58.697346925735474,937821
3,2019,-20.0,23.131096839904785,938070
3,2020,-20.0,68.06798577308655,938817
3,2021,-20.0,77.22276616096497,939644
3,2022,-20.0,81.38282036781311,940519
3,2023,200.0,21.90583610534668,940766
3,2024,-20.0,1.8586792945861816,940784
3,2025,-20.0,17.6373393535614,940974
3,2026,-20.0,1.527838945388794,940986
3,2027,200.0,2.816481590270996,941010
3,2028,-20.0,93.49887657165527,942022
3,2029,-20.0,21.11313223838806,942244
3,2030,-20.0,2.0414774417877197,942263
3,2031,-20.0,73.05861806869507,943061
3,2032,-20.0,76.37772488594055,943901
3,2033,-20.0,1.9822356700897217,943916
3,2034,200.0,64.55105018615723,944617
3,2035,-20.0,71.05537366867065,945412
3,2036,-20.0,71.60165882110596,946184
3,2037,-20.0,74.71033668518066,947005
3,2038,-20.0,1.7575018405914307,947021
3,2039,-20.0,1.918738842010498,947038
3,2040,-20.0,2.15280818939209,947057
3,2041,-20.0,78.19940161705017,947904
3,2042,-20.0,77.71499514579773,948746
3,2043,-20.0,2.298360586166382,948768
3,2044,-20.0,2.097994804382324,948788
3,2045,-20.0,1.968820333480835,948803
3,2046,-20.0,2.0183143615722656,948821
3,2047,-20.0,2.055708169937134,948840
3,2048,-20.0,75.26934957504272,949658
3,2049,200.0,18.65648102760315,949867
3,2050,-20.0,57.97513437271118,950475
3,2051,-20.0,81.51748466491699,951361
3,2052,-20.0,74.55803894996643,952157
3,2053,200.0,35.78822302818298,952523
3,2054,-20.0,75.847904920578,953373
3,2055,200.0,2.623910427093506,953392
3,2056,-20.0,22.76749610900879,953644
3,2057,-20.0,68.91241908073425,954426
3,2058,-20.0,22.19946599006653,954689
3,2059,-20.0,70.69836974143982,955462
3,2060,-20.0,1.9950742721557617,955484
3,2061,-20.0,2.062825918197632,955504
3,2062,-20.0,19.24148201942444,955708
3,2063,-20.0,29.245062351226807,956024
3,2064,-20.0,68.38857531547546,956773
3,2065,-20.0,78.14812350273132,957622
3,2066,-20.0,82.34287238121033,958526
3,2067,-20.0,68.69675278663635,959270
3,2068,-20.0,18.332416534423828,959466
3,2069,-20.0,72.45321464538574,960233
3,2070,-20.0,1.703179121017456,960251
3,2071,-20.0,1.7513365745544434,960266
3,2072,-20.0,1.912078619003296,960283
